product_id,manufacturer,series,model
1,"Kuhic, Goodwin and Hegmann",Aston Martin,DB9 Volante
2,Kunze-Yost,Mazda,Mazda6
3,Christiansen-Jaskolski,Mercedes-Benz,SL-Class
4,Grant LLC,Mitsubishi,Precis
5,"Simonis, Kuvalis and Mills",Nissan,Armada
6,Rolfson and Sons,Buick,Skyhawk
7,"Watsica, Bernhard and Cremin",Subaru,Impreza
8,Zieme and Sons,GMC,Sierra 2500
9,"Luettgen, Bergstrom and Cassin",Mercedes-Benz,W123
10,"Morissette, Ondricka and Spinka",MINI,Cooper Countryman
11,Osinski-Hodkiewicz,Chevrolet,Silverado 2500
12,Hauck Inc,Saab,9-7X
13,"Kessler, Roob and Homenick",GMC,Sierra 2500HD
14,"Kunze, Von and Hand",Infiniti,G37
15,Bartoletti Group,Geo,Storm
16,Swift-Kuphal,Chevrolet,Corvette
17,Ullrich LLC,Lincoln,Mark VIII
18,Klein-Walsh,Nissan,Xterra
19,"Kreiger, Padberg and Funk",Chevrolet,Suburban 1500
20,Effertz-Koss,Lexus,RX
21,Borer-Keeling,Mercedes-Benz,300SD
22,Kub and Sons,Maserati,Quattroporte
23,Daniel-Upton,Cadillac,Escalade EXT
24,Harris LLC,Toyota,Xtra
25,"Hilll, Rowe and Crooks",Mazda,MX-6
26,Corwin Group,Ford,Country
27,"Stiedemann, Quigley and MacGyver",Subaru,Baja
28,Jenkins Inc,Volvo,960
29,Mueller Inc,Acura,NSX
30,Willms-Lowe,Ford,Freestyle
31,"Schulist, Halvorson and Swift",Ford,Mustang
32,Kling and Sons,Mitsubishi,Mirage
33,"Kuvalis, Aufderhar and Zieme",Plymouth,Roadrunner
34,Dietrich-Volkman,Infiniti,Q
35,Blick-Lesch,Buick,Riviera
36,Koelpin LLC,Infiniti,G
37,"Rodriguez, Tillman and Schimmel",Ford,F-350 Super Duty
38,Cormier LLC,Chevrolet,Silverado 1500
39,"Durgan, Hermiston and Boehm",Toyota,Sequoia
40,"Goldner, Jerde and Blanda",Plymouth,Grand Voyager
41,Reichert-Toy,Kia,Sorento
42,Hermiston and Sons,Ford,Flex
43,"Franecki, Bosco and Romaguera",Mitsubishi,Pajero
44,Altenwerth LLC,Mercury,Sable
45,"Russel, Brakus and Cronin",Hyundai,Accent
46,"McClure, Christiansen and Parker",Dodge,Ram 1500 Club
47,Okuneva-Bosco,Buick,Riviera
48,"Welch, Brakus and Cummings",Toyota,Supra
49,Heidenreich-Fahey,Ford,F150
50,"Ferry, Hermiston and Doyle",Chevrolet,Sportvan G30
51,Huel Group,Ford,F450
52,"Vandervort, Buckridge and Kris",Chevrolet,Lumina
53,Hahn and Sons,Mercedes-Benz,SLK-Class
54,"Stark, Botsford and Farrell",Mercury,Tracer
55,Gottlieb Group,Chevrolet,Lumina
56,Quitzon and Sons,Ford,Explorer Sport Trac
57,Rogahn and Sons,Audi,A4
58,"Schneider, Leannon and Emmerich",Isuzu,Trooper
59,Cummerata Inc,Buick,Regal
60,Price-Gottlieb,GMC,Yukon
61,Feest-Douglas,Lincoln,Continental Mark VII
62,"Mann, Ryan and McKenzie",BMW,5 Series
63,"Schimmel, Mitchell and Predovic",Ford,F150
64,Heathcote-Reilly,Acura,MDX
65,"Macejkovic, Wunsch and Corkery",Pontiac,Vibe
66,Trantow Inc,Chevrolet,Astro
67,Lynch LLC,Audi,A4
68,"Bayer, Grady and Schinner",GMC,Acadia
69,Will-Keebler,Mitsubishi,Raider
70,Green-Kuhn,Audi,S4
71,Cummerata-Muller,Lotus,Esprit Turbo
72,"Johns, Prosacco and Hyatt",Honda,Pilot
73,Schmitt-Rolfson,Mercury,Mountaineer
74,"Lueilwitz, Hoeger and Wolf",Ford,F350
75,Wyman-Swaniawski,Buick,Electra
76,Streich-Purdy,Maybach,62
77,Sipes LLC,Ford,Explorer Sport Trac
78,"Braun, Zboncak and Pollich",Lincoln,Town Car
79,Oberbrunner Inc,Mercury,Marquis
80,Corkery and Sons,Ford,Escort
81,Rogahn LLC,Pontiac,Grand Prix
82,"Carter, Nader and Dietrich",Porsche,911
83,Ullrich Inc,Dodge,Intrepid
84,"Spencer, Aufderhar and Berge",GMC,Savana 3500
85,Dickinson and Sons,Mitsubishi,Chariot
86,"Goldner, Romaguera and Kris",Dodge,Caravan
87,Stokes-Hauck,GMC,Sierra 3500
88,Weimann and Sons,Audi,A6
89,Armstrong LLC,Chevrolet,Colorado
90,O'Reilly-Gleichner,Volkswagen,Golf III
91,Bayer and Sons,GMC,Envoy XL
92,Champlin-Luettgen,Chevrolet,Suburban 2500
93,Reichert-Kuhn,Pontiac,Montana SV6
94,Bradtke Inc,Toyota,RAV4
95,"Parisian, Wilkinson and Botsford",Subaru,Loyale
96,Hartmann-Steuber,Honda,Civic
97,Collins and Sons,Mercedes-Benz,E-Class
98,Gibson Inc,Lamborghini,Murci√©lago
99,Nolan Group,Toyota,Matrix
100,"Miller, Mohr and Zboncak",BMW,M5
101,"Paucek, Little and Nicolas",Volvo,S80
102,"Torp, Ortiz and Marvin",Volkswagen,rio
103,Hilpert-Robel,Pontiac,6000
104,Haag-Reichel,Acura,TSX
105,Hettinger-Langosh,Toyota,Tacoma Xtra
106,Powlowski-Rolfson,Ford,Mustang
107,Flatley and Sons,Chevrolet,Impala SS
108,Bauch Inc,Volvo,V70
109,Abernathy Group,Volkswagen,GTI
110,"Cassin, Bogan and Baumbach",Volkswagen,New Beetle
111,"Cormier, Hermann and Hudson",Chevrolet,G-Series 3500
112,Lowe Group,Ford,Aerostar
113,Durgan Group,Chevrolet,TrailBlazer
114,Herman-Keeling,Dodge,Dakota
115,Bechtelar-Fisher,Toyota,Tacoma
116,Becker and Sons,Hummer,H1
117,Wolf Inc,Hyundai,Genesis Coupe
118,Trantow-Macejkovic,Subaru,XT
119,Lesch Group,Volvo,C70
120,"Witting, Harber and Steuber",Buick,Riviera
121,Jacobs-Medhurst,Dodge,Ram 3500
122,Walker LLC,Mercedes-Benz,G-Class
123,Paucek-Koepp,Lamborghini,Gallardo
124,Mante-Hickle,Lexus,GS
125,"MacGyver, Shields and Homenick",Toyota,Avalon
126,Price-Conroy,Land Rover,Defender 90
127,Sawayn-DuBuque,Chevrolet,TrailBlazer
128,Kreiger-Prohaska,Acura,NSX
129,Olson LLC,Mazda,Mazda3
130,DuBuque and Sons,Chevrolet,Camaro
131,Hilll-Green,Suzuki,Vitara
132,Prohaska and Sons,GMC,Safari
133,Cronin-Walsh,Ford,F-Series
134,"Thompson, Moen and Pagac",Mercedes-Benz,SLR McLaren
135,"Carroll, Flatley and Schmitt",Ford,C-MAX Hybrid
136,"Wiegand, Swaniawski and Legros",Ford,F150
137,"Schowalter, McCullough and Fahey",Mercury,Grand Marquis
138,"Howe, Hand and Fay",Chevrolet,1500
139,"Wiza, Predovic and Crooks",Buick,LeSabre
140,Greenfelder and Sons,Saab,9-3
141,Gottlieb-Nader,Nissan,Armada
142,Trantow-Reichel,GMC,Envoy
143,Kreiger-Rolfson,Dodge,Ram Van 1500
144,Pfannerstill-Runte,Oldsmobile,LSS
145,"Bogisich, Bartell and Friesen",Infiniti,EX
146,Rowe and Sons,Acura,RDX
147,Bashirian and Sons,Plymouth,Voyager
148,Pollich Group,Chevrolet,Express 1500
149,Kihn and Sons,Toyota,4Runner
150,Bashirian LLC,Toyota,Prius Plug-in
151,Hane-Watsica,Suzuki,SJ
152,"Blick, Weissnat and Beahan",Honda,Element
153,Will Group,Lotus,Exige
154,Will and Sons,Mazda,626
155,"Botsford, Steuber and Collier",Chrysler,300M
156,"Quigley, Gorczany and Crooks",Mercedes-Benz,SLK-Class
157,Altenwerth Group,Chevrolet,Express 1500
158,"Howell, Lynch and Kertzmann",Mitsubishi,Challenger
159,Kris Inc,Subaru,Forester
160,"Stanton, Jast and Schroeder",Mazda,MPV
161,Schamberger Group,Mitsubishi,Montero
162,Graham Group,Toyota,Paseo
163,Bode-Strosin,Maserati,228
164,"Collier, Bashirian and Rogahn",Ford,Freestyle
165,Streich Group,Mitsubishi,Lancer Evolution
166,Fay and Sons,Pontiac,6000
167,"Shields, Schulist and Yundt",Buick,Skylark
168,White-Bruen,Kia,Rio5
169,"Blick, Koch and Russel",Nissan,Altima
170,Runolfsdottir-Wehner,Ferrari,612 Scaglietti
171,"Altenwerth, Wunsch and Howe",Mazda,Miata MX-5
172,Cassin-Hilpert,Land Rover,Range Rover Evoque
173,Russel LLC,Volkswagen,Phaeton
174,Towne and Sons,Ford,E150
175,Gislason-Von,Toyota,MR2
176,"Bosco, Harber and Will",Audi,A5
177,Towne Inc,Mazda,CX-5
178,Langworth-Fahey,Honda,Odyssey
179,Will-Bartell,Mercury,Sable
180,"Douglas, Bogisich and Muller",Bentley,Azure
181,"Becker, Sanford and Farrell",Jaguar,XJ Series
182,Schaefer Group,BMW,530
183,McGlynn-Johnston,Mercury,Tracer
184,Anderson-Goyette,Infiniti,Q
185,Zulauf-Ernser,Audi,Q7
186,"Ledner, Schultz and Stoltenberg",Oldsmobile,Cutlass
187,Kshlerin Group,Volvo,240
188,Maggio-Schultz,Nissan,Titan
189,Murray Group,Lexus,LS
190,Douglas LLC,Ford,Econoline E250
191,Kessler Group,Ford,Mustang
192,"Pouros, Beahan and Cremin",Dodge,Ram Van 3500
193,"Powlowski, Runolfsdottir and Herzog",Dodge,Ram 2500
194,Walker Inc,BMW,X3
195,"Kuvalis, O'Keefe and Nolan",Chevrolet,Silverado 1500
196,Leannon-Kassulke,Lexus,GS
197,Cummerata Group,Toyota,Corolla
198,Rowe Group,Chevrolet,Express
199,"Pollich, Wilkinson and McCullough",Dodge,Ram 3500
200,"Bosco, Boyer and Pouros",GMC,Safari
201,"Greenfelder, Shanahan and Bernier",Chevrolet,Malibu
202,Grant-Bode,Ford,Econoline E350
203,"Pacocha, Greenfelder and O'Hara",Dodge,Colt
204,Turner Inc,Ford,Laser
205,Smith-Cole,Toyota,Tacoma
206,Feest Inc,Cadillac,Eldorado
207,"Pfannerstill, Smith and Kunze",Ferrari,California
208,"Herzog, Swaniawski and Wilderman",Isuzu,Trooper
209,Donnelly Inc,Infiniti,Q
210,"Doyle, Kemmer and Hettinger",Isuzu,i-350
211,Reichel-McKenzie,Nissan,Sentra
212,Beier and Sons,Saab,900
213,Schowalter LLC,Acura,RL
214,O'Hara-Kutch,BMW,745
215,Ritchie-Grimes,Porsche,944
216,Wilkinson LLC,Chevrolet,Express 1500
217,Dare and Sons,Hummer,H1
218,"Witting, Rippin and Carter",Ford,E150
219,Schneider-Hintz,Mercedes-Benz,M-Class
220,"Wintheiser, Crooks and Torphy",Lincoln,Navigator L
221,Kassulke-Boyer,Infiniti,I
222,Crist-Satterfield,Dodge,Ram Wagon B350
223,Tromp-Price,Chevrolet,Express 3500
224,Wisozk and Sons,Lexus,LX
225,Stehr Inc,Chevrolet,Camaro
226,Okuneva Inc,Lincoln,Town Car
227,"Champlin, Mohr and Kub",Jaguar,XJ
228,Muller Inc,Porsche,944
229,Jacobi and Sons,Buick,Park Avenue
230,Hickle-Kunde,Lexus,IS F
231,Zulauf-Koch,Volkswagen,GTI
232,"Corkery, Cummings and Grimes",Ford,E250
233,Lueilwitz-Welch,Lexus,LS
234,Casper LLC,Chevrolet,Express 3500
235,Johnson Group,Lexus,RX Hybrid
236,McDermott LLC,Nissan,Pathfinder
237,"Jerde, Sauer and Glover",Subaru,Legacy
238,Padberg-Hirthe,Honda,Civic
239,Sporer and Sons,Ford,Escort
240,Pagac-Schultz,Audi,90
241,Reinger-Heathcote,Cadillac,CTS-V
242,Stiedemann-Gutkowski,Mitsubishi,Mirage
243,Williamson Inc,GMC,Savana 1500
244,"Kertzmann, Ebert and Huels",Lotus,Elan
245,"Kunze, Pfannerstill and Quigley",Subaru,XT
246,Gleichner Group,Mercury,Montego
247,Botsford-Herzog,Dodge,Ram 2500
248,Greenfelder-Fisher,Mazda,323
249,Torp-Becker,GMC,Sonoma
250,"Ondricka, Stanton and Langosh",Mitsubishi,Montero
251,"O'Keefe, Nikolaus and Lindgren",Toyota,Supra
252,"Grady, Swift and Armstrong",Chevrolet,Impala
253,Schaden and Sons,Acura,TL
254,Bartell LLC,Hummer,H3
255,"Hermann, Ernser and Durgan",Ford,Ranger
256,"Kuhn, Hauck and Feil",Nissan,Frontier
257,Bahringer-Bayer,Chevrolet,Lumina APV
258,"Jast, Wolff and Greenfelder",Lotus,Exige
259,Thompson LLC,Chevrolet,Colorado
260,"Bednar, Hoeger and Muller",Nissan,240SX
261,Rohan LLC,Mercedes-Benz,SLK-Class
262,"Fadel, Huels and Hintz",Pontiac,Grand Prix
263,Nader Group,Plymouth,Grand Voyager
264,"Bartoletti, Paucek and Hudson",Lincoln,Mark VIII
265,"Kertzmann, Jacobson and Bauch",Ford,Taurus
266,Koss and Sons,Ram,1500
267,Gutmann-Harvey,Dodge,Sprinter
268,Price-Farrell,Suzuki,Forenza
269,Wunsch-Corkery,Lexus,RX Hybrid
270,Auer-Feeney,Mitsubishi,GTO
271,Dickinson and Sons,Toyota,Celica
272,"Thompson, Stracke and Maggio",Dodge,Nitro
273,"Osinski, Hansen and Jacobs",Volkswagen,GTI
274,Kozey Inc,Porsche,944
275,Leffler-Durgan,Chevrolet,Colorado
276,Aufderhar Inc,Tesla,Model S
277,Kirlin Group,Ford,Bronco
278,Wilkinson-Mann,Ford,Econoline E150
279,MacGyver and Sons,Dodge,Ram 2500
280,"Welch, Baumbach and West",Buick,Century
281,Shields-Gaylord,Chevrolet,Monte Carlo
282,McCullough-O'Kon,Chevrolet,Suburban 1500
283,"Bergnaum, Johnson and Lynch",Mitsubishi,Mirage
284,Harber Inc,Nissan,300ZX
285,Windler-Bode,GMC,Sonoma
286,"Hudson, Balistreri and O'Hara",Ford,Mustang
287,Hoeger and Sons,BMW,3 Series
288,Wuckert Group,Honda,Civic
289,Monahan-Ernser,Isuzu,Ascender
290,Larson LLC,Mitsubishi,Challenger
291,Will and Sons,Subaru,Forester
292,Roob Inc,Toyota,Yaris
293,"Feeney, Hills and Schmitt",Volkswagen,Golf III
294,Abbott LLC,Dodge,Colt
295,"Simonis, Becker and Pfannerstill",Cadillac,XLR
296,Goodwin Group,Ford,Contour
297,Hintz Group,Volvo,XC90
298,"Nienow, Wyman and Rath",Ferrari,599 GTB Fiorano
299,"Kertzmann, Turner and Hand",Ford,E250
300,"Lesch, Maggio and Miller",Porsche,968
301,"Bauch, Hagenes and Stroman",GMC,Sonoma
302,Herman-Smitham,Dodge,Shadow
303,"Raynor, Vandervort and Olson",Acura,Integra
304,Ernser Group,Volkswagen,Golf
305,Wolff-Armstrong,Cadillac,Escalade ESV
306,"Walker, Botsford and Koch",Jeep,Grand Cherokee
307,Waelchi LLC,Lexus,GS
308,"Douglas, Boyle and Botsford",Scion,xA
309,Predovic LLC,Ford,F250
310,Maggio-Moen,Mazda,Tribute
311,"Harris, Stehr and Von",Suzuki,Sidekick
312,Gibson-Boyer,Mitsubishi,Endeavor
313,Monahan-Ziemann,Chevrolet,Corvette
314,Nienow and Sons,BMW,1 Series
315,Ebert-Ryan,Mazda,Mazda6
316,Mayer-Schaefer,Volkswagen,Passat
317,"Schneider, Dach and Kemmer",Suzuki,Esteem
318,Muller and Sons,Mercedes-Benz,400E
319,Herman-Dooley,Aston Martin,V8 Vantage S
320,Hodkiewicz Group,GMC,Envoy
321,"Abshire, Farrell and Cartwright",Nissan,Xterra
322,Murphy Group,Dodge,Dakota Club
323,Will LLC,Volkswagen,Passat
324,Nienow-Nienow,Audi,S4
325,"Willms, Gaylord and Treutel",Dodge,Avenger
326,Corkery-Bradtke,Hyundai,Santa Fe
327,"Rosenbaum, Sipes and Schaefer",Audi,riolet
328,Hilpert-Armstrong,Ford,Econoline E150
329,"Schneider, Bode and Kilback",Volkswagen,Jetta
330,Baumbach Inc,Ford,Focus
331,Hudson-Bergstrom,Ford,Laser
332,"Keeling, Davis and Gerlach",Lexus,ES
333,Swift-Blanda,Pontiac,Grand Prix
334,McDermott Inc,Jeep,Wrangler
335,"Hartmann, Kling and Watsica",Mercedes-Benz,M-Class
336,Ullrich Inc,Nissan,Pathfinder
337,D'Amore-Hermiston,Hyundai,Accent
338,Huels-Paucek,Ford,EXP
339,Fritsch-O'Conner,Mazda,Miata MX-5
340,"Grimes, Grant and Brakus",Chevrolet,3500
341,Ullrich and Sons,GMC,Safari
342,Kunze Group,Mazda,B-Series
343,"O'Conner, Vandervort and Kunze",Lincoln,Town Car
344,Larkin-Halvorson,Dodge,Ram Van 1500
345,Emmerich-Olson,Mitsubishi,Eclipse
346,"Bins, Hansen and Vandervort",Toyota,Camry
347,Windler-Buckridge,GMC,Savana 1500
348,"Halvorson, Gutmann and Langosh",Aston Martin,Vanquish S
349,McCullough-Adams,Subaru,Legacy
350,Bode LLC,Ford,Econoline E350
351,Cummerata Group,Honda,del Sol
352,"Hermann, Willms and Roob",Buick,Roadmaster
353,"O'Hara, Fisher and Doyle",Maybach,62
354,"Hessel, DuBuque and Jones",Buick,Coachbuilder
355,Bahringer-Padberg,Toyota,Tacoma
356,Smitham LLC,Oldsmobile,Achieva
357,Fay-Hills,Buick,Lucerne
358,O'Connell-Weimann,Audi,A4
359,Gutkowski Inc,Subaru,XT
360,Kemmer Inc,Ford,Escape
361,"Prosacco, Roob and Feil",Pontiac,GTO
362,"Harris, Heller and Huels",Mitsubishi,Eclipse
363,Stoltenberg and Sons,Ford,F450
364,Mann LLC,Dodge,Dynasty
365,"McDermott, Schaden and Swift",Porsche,911
366,Pfannerstill-Mraz,Volvo,XC90
367,Zulauf-Murphy,Land Rover,Range Rover
368,Mitchell Group,Chrysler,300
369,Johns Inc,Mazda,B-Series
370,Huel Inc,Chrysler,Concorde
371,"Collier, Sanford and Sanford",Bentley,Continental GT
372,"Lowe, Parisian and Schinner",Toyota,4Runner
373,"Stokes, Prosacco and Reichel",Honda,Passport
374,Gibson Group,Dodge,Durango
375,"Bednar, Mann and Baumbach",Mercedes-Benz,600SEL
376,Hilpert and Sons,Suzuki,Esteem
377,"Jacobson, Crona and Hills",Ford,Focus
378,"Collins, Schiller and Rolfson",Ford,Mustang
379,Abbott-Price,Jensen,Interceptor
380,"Williamson, Kemmer and Lindgren",Chevrolet,Sportvan G20
381,Harris Group,Aptera,2e
382,Funk-Reichert,Infiniti,Q
383,"Flatley, Blick and Bailey",Mazda,RX-7
384,"Jacobson, Hintz and Ferry",Acura,TSX
385,"Yost, Ortiz and Goldner",MINI,Clubman
386,Dare-Zulauf,Jeep,Wrangler
387,"Brown, Buckridge and Boyle",Honda,Accord
388,Lowe and Sons,GMC,2500
389,Klein LLC,Dodge,Avenger
390,Mitchell Group,Kia,Rondo
391,Kihn Group,Infiniti,G25
392,Pouros-Wolff,Lincoln,Town Car
393,Cronin LLC,Lincoln,Town Car
394,"Blanda, Watsica and Torp",Volvo,S40
395,West LLC,Dodge,Dynasty
396,Hackett-Blanda,Chrysler,300C
397,Emard Inc,Chevrolet,Malibu
398,"Johnson, Romaguera and Ortiz",GMC,Savana 1500
399,Pollich-Hintz,GMC,Sierra 2500
400,Buckridge and Sons,BMW,5 Series
401,"Brekke, Schaefer and Sauer",Ford,E-Series
402,Gutkowski-Hauck,Mercury,Grand Marquis
403,Wuckert Group,BMW,1 Series
404,Weissnat Inc,Honda,Crosstour
405,Bayer Inc,Ford,LTD Crown Victoria
406,Keebler and Sons,Chevrolet,Blazer
407,Larkin-Kuhn,Toyota,Tacoma Xtra
408,Nolan-Kemmer,Ford,F150
409,Murazik and Sons,MINI,Cooper Countryman
410,"Morissette, Lowe and Lebsack",Land Rover,Discovery
411,Dickens-Considine,GMC,1500 Club Coupe
412,Bashirian-Reinger,Mazda,CX-9
413,Koelpin Group,Volvo,C30
414,Doyle-Rosenbaum,Geo,Prizm
415,Runolfsson-Bechtelar,Land Rover,LR2
416,"Yundt, Sauer and Hills",Mercedes-Benz,SL-Class
417,Schaden-Buckridge,Honda,CR-V
418,Emmerich LLC,Mazda,Familia
419,Bogan Group,Aston Martin,V8 Vantage
420,Jacobs and Sons,BMW,X6 M
421,"Will, Hudson and Reilly",Lotus,Evora
422,"Schaefer, Nienow and Hegmann",Subaru,Impreza
423,"Mitchell, Leuschke and Simonis",Oldsmobile,Alero
424,"Yost, McGlynn and Ernser",Ford,Expedition
425,Price-Luettgen,Dodge,Ram 1500 Club
426,Blanda Inc,Isuzu,i-Series
427,Glover Group,Toyota,Celica
428,Metz and Sons,Mitsubishi,Pajero
429,"Lemke, Monahan and Cole",Austin,Mini Cooper
430,Lubowitz and Sons,Audi,R8
431,Ankunding Group,Dodge,Ram Van B150
432,Windler-Schamberger,Ford,Econoline E150
433,Hauck-Leuschke,Pontiac,Safari
434,Pacocha LLC,Mazda,MX-6
435,"Weber, Schuster and Reinger",Suzuki,Grand Vitara
436,"Frami, Friesen and Fisher",Lincoln,LS
437,Berge-Dare,Jeep,Liberty
438,Quitzon-Wisoky,Chevrolet,Tracker
439,Larson Group,Dodge,Durango
440,Leffler LLC,Ford,Econoline E150
441,"Block, Sporer and Hyatt",Ferrari,599 GTB Fiorano
442,Gibson and Sons,Chevrolet,G-Series 2500
443,"Kilback, Rath and Osinski",Ford,E150
444,"Ledner, Schamberger and Swift",Mazda,B-Series Plus
445,"Pagac, Hoppe and Cronin",GMC,Savana 2500
446,"Hills, Raynor and Wilderman",Eagle,Talon
447,Nolan-Effertz,Chevrolet,Silverado 2500
448,Goldner-Walter,Volvo,C30
449,Yundt and Sons,Mercedes-Benz,SLK-Class
450,Trantow-Skiles,Ford,Mustang
451,Bauch Group,Honda,Insight
452,"Windler, Abbott and Vandervort",Audi,80
453,Sauer-McLaughlin,Dodge,Ram 1500 Club
454,"Braun, Jakubowski and Monahan",Mazda,Tribute
455,Heidenreich-Rodriguez,Mercury,Grand Marquis
456,"Thiel, Leuschke and Metz",Volkswagen,Type 2
457,Keeling LLC,Chevrolet,Venture
458,"King, Vandervort and Thiel",Ford,Probe
459,"Nitzsche, Hoppe and Bergstrom",Toyota,Prius
460,Durgan Inc,Ford,F350
461,Hayes LLC,BMW,525
462,"Murray, McCullough and Legros",Lincoln,Continental
463,Lemke Inc,Mitsubishi,Space
464,"Schneider, Aufderhar and Wisozk",Lexus,SC
465,Corwin Inc,Dodge,Ram 1500 Club
466,Feest and Sons,Suzuki,Esteem
467,"Christiansen, Larson and Kihn",Suzuki,Forenza
468,"Yost, Crist and West",Saturn,VUE
469,Dibbert-Orn,Volkswagen,Tiguan
470,Mayert and Sons,Subaru,Brat
471,Boehm Group,Ford,F-Series
472,O'Keefe-Orn,Volvo,S40
473,Crona Group,Chevrolet,Impala
474,Morar-Thompson,Scion,FR-S
475,Ferry and Sons,BMW,600
476,"Mayer, Predovic and Kunde",Chevrolet,Express 1500
477,Rowe and Sons,Mercedes-Benz,600SEL
478,Wisozk and Sons,Toyota,Yaris
479,"Beer, Metz and Rosenbaum",Dodge,Durango
480,"Schiller, Stamm and Lynch",Pontiac,Grand Prix
481,"Goyette, Hyatt and Baumbach",Austin,Mini Cooper
482,"Boehm, Reinger and Oberbrunner",Ford,Edge
483,"O'Conner, Blick and Medhurst",Ford,Torino
484,Waelchi LLC,Ford,Bronco II
485,Waters-Farrell,Acura,ZDX
486,"Wisoky, Ritchie and Bashirian",Acura,TL
487,Zboncak-Waelchi,Ford,F150
488,Kozey-Quitzon,Nissan,Pathfinder
489,"Zboncak, Rolfson and Conroy",Lincoln,Town Car
490,Robel-Champlin,Pontiac,Trans Sport
491,"Hansen, Rolfson and Smith",Chevrolet,Caprice Classic
492,"Ziemann, Ledner and Schumm",Subaru,Tribeca
493,"Schiller, Stark and Torp",Hummer,H1
494,Pfeffer Inc,Dodge,D250
495,Padberg-Ankunding,Dodge,Colt
496,"Little, Littel and Bogisich",Toyota,Tacoma
497,Lind Inc,Pontiac,Bonneville
498,"Haag, Torphy and Davis",Land Rover,Discovery
499,Leannon and Sons,Lincoln,Town Car
500,Pagac LLC,Ford,Probe
501,"Bednar, Johns and Barrows",Mercedes-Benz,Sprinter 3500
502,Wuckert and Sons,Dodge,Dakota Club
503,"Stracke, Frami and Macejkovic",Mazda,Miata MX-5
504,Cole-Barton,Pontiac,Bonneville
505,Conroy Inc,Volkswagen,Jetta
506,"King, Heidenreich and D'Amore",Chevrolet,Lumina
507,Goodwin Inc,Volkswagen,Routan
508,"Dickens, Abbott and Wunsch",Ford,F-Series Super Duty
509,McLaughlin and Sons,Aston Martin,DB9
510,Jacobson-Zieme,Ford,LTD
511,"Conn, Torphy and Feest",Chevrolet,Cavalier
512,Sanford and Sons,BMW,Z4
513,Kiehn-Terry,Mercedes-Benz,400SEL
514,O'Keefe LLC,Honda,Ridgeline
515,Lindgren-Rutherford,Acura,RL
516,Jast-Kulas,Mercury,Tracer
517,Dach LLC,GMC,Sierra 1500
518,"Pacocha, Hane and Homenick",Pontiac,Firebird
519,"Kiehn, Keebler and Corwin",Jensen,Interceptor
520,Bosco Group,Rolls-Royce,Phantom
521,Weber-Walter,GMC,Rally Wagon G3500
522,"Bechtelar, Quigley and Reilly",Bentley,Continental GT
523,"Goodwin, Cartwright and Greenholt",Chevrolet,Traverse
524,Stehr and Sons,Buick,Riviera
525,Nader Group,Audi,200
526,"Bruen, Altenwerth and Dibbert",Chevrolet,2500
527,Rath LLC,Chrysler,300
528,Bechtelar Group,Honda,Civic
529,Howe LLC,Land Rover,Discovery
530,Rowe-Zulauf,Dodge,Ram Van 2500
531,Predovic-Spinka,Volkswagen,Cabriolet
532,Rau LLC,Pontiac,Sunbird
533,"Cruickshank, Wolff and Dickens",Jaguar,XJ Series
534,Reinger Inc,Chevrolet,Beretta
535,Bradtke-Nitzsche,Hyundai,Santa Fe
536,O'Keefe-Hilpert,Audi,Cabriolet
537,"Durgan, Runte and Gerlach",Nissan,Sentra
538,"Kihn, Olson and Sauer",Mercury,Topaz
539,Herman-Hane,Pontiac,Daewoo Kalos
540,Lind-Bayer,BMW,7 Series
541,Jakubowski-Predovic,Volvo,V40
542,Koelpin-Hoeger,Chrysler,Town & Country
543,Klein and Sons,Infiniti,Q
544,"Von, Hackett and Kris",Geo,Prizm
545,Murazik-Harber,Acura,Integra
546,Turner-Ferry,Volkswagen,GTI
547,"Harber, Reynolds and Block",BMW,M6
548,"Fisher, Koss and Davis",Maserati,Quattroporte
549,VonRueden LLC,Mercury,Capri
550,Aufderhar-Lakin,Ford,E350
551,Hodkiewicz-Tromp,Mercedes-Benz,CL-Class
552,Sauer-Daniel,Toyota,Celica
553,Gleichner Group,BMW,5 Series
554,"White, Hirthe and Roberts",Mazda,Protege
555,Homenick LLC,Mercury,Sable
556,"Stiedemann, Champlin and Hagenes",Jensen,Interceptor
557,Mayert-O'Keefe,Bentley,Brooklands
558,Davis LLC,Buick,Regal
559,Price Group,Ford,Mustang
560,Smitham and Sons,Volvo,C70
561,"Rowe, Littel and Beier",Aston Martin,Vantage
562,Schmidt-Sipes,Volvo,XC70
563,"Stokes, Haag and Schneider",Dodge,Ram Van 1500
564,Hansen Group,Ford,Torino
565,"Douglas, Dicki and Dach",Jeep,Grand Cherokee
566,Kuphal-Swaniawski,Maserati,Gran Sport
567,"Kulas, Kozey and Koch",Chrysler,Crossfire
568,"Glover, Rippin and Lind",Oldsmobile,Cutlass Cruiser
569,Bailey-Ullrich,Mercury,Grand Marquis
570,"Lesch, Wunsch and Dach",Toyota,Tacoma
571,Lowe-Barton,Volkswagen,Cabriolet
572,"Bruen, Rempel and Nicolas",Ford,F250
573,Hand-Rowe,Ford,F150
574,Tremblay LLC,Eagle,Premier
575,Hartmann Inc,Dodge,Intrepid
576,Dooley-Hansen,Honda,Accord
577,"White, Howell and Bosco",GMC,Savana 1500
578,Olson LLC,Hyundai,Tiburon
579,Kuvalis-Witting,Buick,Lucerne
580,Morissette-Wehner,Chevrolet,Tahoe
581,Kuvalis and Sons,Acura,Vigor
582,"Bergstrom, Wilderman and Bartoletti",Volvo,C70
583,Swift and Sons,Volkswagen,Golf
584,"Gerhold, Thiel and Ziemann",Chevrolet,Lumina
585,Zulauf-Block,Audi,Q7
586,"Crooks, Walter and Murazik",Mercedes-Benz,SLK-Class
587,Herzog-Kihn,Toyota,Paseo
588,Effertz and Sons,Geo,Metro
589,"McGlynn, Dach and Conroy",Honda,Accord
590,Romaguera-Welch,Mercedes-Benz,R-Class
591,"Koelpin, O'Kon and Anderson",Nissan,Rogue
592,Von-Stark,Honda,Civic
593,Effertz-Flatley,GMC,2500 Club Coupe
594,Sanford Group,Mitsubishi,3000GT
595,Schulist LLC,Pontiac,LeMans
596,"Miller, Wyman and Hessel",Mazda,MX-3
597,Stokes LLC,Chevrolet,3500
598,Wisoky Inc,BMW,645
599,"Hamill, Jast and Schmidt",Toyota,Land Cruiser
600,Howe-Mraz,Lamborghini,Aventador
601,"Lebsack, Lebsack and Donnelly",Volkswagen,GTI
602,"Thompson, Koepp and Bogan",Suzuki,Cultus
603,Mosciski and Sons,Nissan,Maxima
604,Dietrich Inc,Maybach,62
605,Collier Group,Jeep,Cherokee
606,McGlynn-Walter,Hyundai,Excel
607,"Ferry, Botsford and Champlin",Subaru,XT
608,Johnson-Wiza,Kia,Rondo
609,"Crist, Krajcik and Graham",GMC,Savana 2500
610,"Zboncak, Brakus and Hirthe",Toyota,Corolla
611,"Keebler, Zieme and Batz",Chevrolet,Express 3500
612,Kuphal Inc,Chevrolet,Colorado
613,Reichert-Kohler,Nissan,Xterra
614,"Friesen, Gerhold and Windler",Buick,Regal
615,VonRueden-Kulas,Land Rover,Discovery Series II
616,Rolfson-Boehm,Chevrolet,TrailBlazer
617,"Windler, Cummerata and Weissnat",Honda,Fit
618,Wilderman-Lang,Dodge,Ram
619,Streich Group,Lotus,Esprit
620,Schultz Group,Acura,RL
621,Bogan Inc,Ford,F250
622,Bailey Inc,Dodge,D350 Club
623,West-Wyman,BMW,3 Series
624,"Stark, Quitzon and Hand",Mercedes-Benz,R-Class
625,Boyer Inc,Mercedes-Benz,300D
626,"Kemmer, Boyer and Blick",Mazda,RX-7
627,"McKenzie, Durgan and Feeney",Plymouth,Grand Voyager
628,Hodkiewicz-Koelpin,Volvo,S90
629,"Murphy, Rice and Bartoletti",Lexus,LS
630,Fahey and Sons,Jaguar,S-Type
631,Lebsack Inc,Scion,xD
632,"O'Connell, Satterfield and Raynor",Mitsubishi,Outlander
633,Fritsch Inc,Dodge,Dakota Club
634,"Howell, Gibson and Lang",Suzuki,SX4
635,Block-McClure,Audi,V8
636,"Pollich, Purdy and Jerde",Toyota,Avalon
637,Beier-Lubowitz,GMC,Terrain
638,Waelchi Inc,Plymouth,Grand Voyager
639,"Heidenreich, Rutherford and Blanda",Buick,Park Avenue
640,Treutel LLC,Volvo,V70
641,Stehr Group,Chevrolet,Silverado 3500
642,Toy-Herman,Maserati,Karif
643,Mohr and Sons,Toyota,4Runner
644,O'Conner Inc,GMC,Jimmy
645,Parisian-Roberts,Mitsubishi,Truck
646,Smith Group,Subaru,Outback
647,Shanahan-Connelly,Oldsmobile,Ciera
648,"Olson, Hilpert and Rolfson",Chevrolet,Impala
649,"Yost, Towne and Rolfson",Chrysler,Sebring
650,Douglas-Konopelski,Pontiac,6000
651,"Larkin, Lindgren and Runte",Cadillac,Escalade
652,Bernier and Sons,Chevrolet,Colorado
653,Mraz-Maggio,Acura,Legend
654,Kuvalis Inc,Mazda,Tribute
655,Effertz LLC,Ferrari,F430
656,Williamson Group,Buick,Century
657,"Denesik, Parker and Hayes",Audi,A4
658,"Schimmel, Renner and Lehner",Jeep,Wrangler
659,Will-Kessler,Chevrolet,Malibu
660,Abbott Group,Geo,Prizm
661,Hudson-Brown,Jeep,Wrangler
662,"Wuckert, Medhurst and Mayer",Ford,F-Series
663,Orn-Erdman,Pontiac,Aztek
664,Bauch-Gibson,Dodge,Intrepid
665,Langosh-Torp,Buick,Skylark
666,Ward LLC,Dodge,Avenger
667,Konopelski-Kautzer,Audi,90
668,"Hartmann, Sauer and Quitzon",Chevrolet,Malibu
669,Bins-Hintz,Lincoln,MKX
670,Rodriguez Group,BMW,M3
671,Corwin Inc,Chevrolet,Avalanche 2500
672,Mante Group,Ford,F-Series
673,Runolfsson-Graham,McLaren,MP4-12C
674,"Dach, Fay and Berge",Chrysler,Cirrus
675,"Flatley, Bogan and Block",Jeep,Grand Cherokee
676,"Kshlerin, Stokes and Lowe",Chevrolet,Tahoe
677,"O'Hara, Mohr and Douglas",Porsche,944
678,Effertz-McLaughlin,Mitsubishi,Lancer
679,"Howe, Stamm and Price",Volkswagen,Golf
680,Schoen-Collins,Mercedes-Benz,SL-Class
681,Crooks LLC,Aston Martin,Vantage
682,Walker-Oberbrunner,Volkswagen,GTI
683,"Rodriguez, Spinka and Torp",Ram,1500
684,"Blanda, Waelchi and Wilkinson",Lexus,ES
685,"Roob, Baumbach and Conn",Toyota,RAV4
686,Mayer-Shields,Mercedes-Benz,C-Class
687,Powlowski Group,Saturn,VUE
688,"Barton, Johnson and Rodriguez",Dodge,Ram 3500
689,"Homenick, Carroll and Kautzer",Mitsubishi,Mighty Max
690,Rempel Inc,Infiniti,QX56
691,Altenwerth Group,BMW,7 Series
692,"Morar, Orn and Schinner",GMC,Safari
693,Armstrong-Jacobs,Mazda,RX-8
694,Dickinson-Heathcote,Lincoln,Mark VIII
695,"Rutherford, Lesch and Bechtelar",Honda,Pilot
696,Kozey-D'Amore,Mercury,Mountaineer
697,"Corwin, Cruickshank and Hermann",Saab,9-3
698,Baumbach-Spencer,Chrysler,Voyager
699,Abernathy Group,Ford,Ranger
700,Runte-Cole,Toyota,T100
701,Senger LLC,Hyundai,Elantra
702,"Wuckert, Emard and Miller",Lincoln,Navigator
703,Koelpin-Durgan,Mazda,B-Series
704,Murray and Sons,Isuzu,Rodeo
705,"Robel, McGlynn and Donnelly",Chevrolet,Silverado 1500
706,"Fahey, Hudson and Batz",Porsche,Boxster
707,Conn LLC,Mercedes-Benz,M-Class
708,Lubowitz-Barrows,Volkswagen,Eurovan
709,"Ernser, Klocko and Hand",Mitsubishi,Pajero
710,Yost-Treutel,Mercedes-Benz,SLK-Class
711,"Krajcik, Murazik and Nolan",Toyota,Camry
712,Marvin-Mohr,Kia,Rio
713,Predovic-Bode,Mitsubishi,Chariot
714,Goyette and Sons,Ford,F-Series
715,Hartmann-Smith,Pontiac,G6
716,Langworth Inc,Mercedes-Benz,C-Class
717,Baumbach-Kiehn,Mitsubishi,Pajero
718,"Becker, Little and Jast",Mitsubishi,Challenger
719,Monahan Inc,Mercury,Grand Marquis
720,Balistreri-McClure,Chrysler,Town & Country
721,Koch-Kilback,Honda,Ridgeline
722,Stokes-Morar,Pontiac,Firebird
723,Kozey-Lesch,Dodge,Ram 2500
724,Casper Inc,Buick,Skylark
725,Huels Group,Mazda,Protege
726,Morissette and Sons,Nissan,Maxima
727,Brekke-Cormier,Ford,Thunderbird
728,"Parker, Towne and Morissette",Oldsmobile,98
729,"Larson, Lowe and Barrows",Chevrolet,Tahoe
730,Beier-MacGyver,Lexus,LX
731,Terry Group,Cadillac,Escalade
732,White LLC,Nissan,Maxima
733,Halvorson LLC,Acura,NSX
734,Roberts and Sons,Ford,Festiva
735,Lehner LLC,Toyota,Tacoma Xtra
736,"Bauch, Fritsch and Feeney",Audi,Cabriolet
737,Greenfelder-Gulgowski,Eagle,Talon
738,Deckow-Trantow,Mitsubishi,Eclipse
739,Schmitt and Sons,Lamborghini,Gallardo
740,Mills-Mosciski,Dodge,Ram 1500
741,"Nader, Larkin and Paucek",Suzuki,Cultus
742,"Feest, Heathcote and Gerhold",Ford,F250
743,"Kihn, Mohr and Grimes",Oldsmobile,Alero
744,"Lesch, Gutmann and Hammes",Audi,S4
745,Feil Inc,Mitsubishi,Eclipse
746,Nader LLC,Nissan,Xterra
747,Lind Inc,Infiniti,G
748,"Schumm, Hane and Wolff",Honda,Pilot
749,Labadie-Sporer,Honda,Pilot
750,"Ullrich, Lynch and Jacobson",Nissan,Titan
751,Lebsack-Cassin,Maybach,57
752,"Veum, Ryan and Bogisich",Infiniti,IPL G
753,"Jacobi, Littel and Wuckert",Audi,A4
754,"Weber, Pacocha and Dietrich",MINI,Clubman
755,"Prosacco, Williamson and Nienow",Lamborghini,Diablo
756,Abshire and Sons,Saturn,Outlook
757,Torphy Inc,Ford,Mustang
758,"Cruickshank, Reichel and Kihn",Ford,Edge
759,"Barrows, Farrell and Schinner",Mitsubishi,3000GT
760,"Senger, Daugherty and Smith",Volkswagen,GTI
761,"Bruen, Beahan and Homenick",Lincoln,Continental Mark VII
762,Quigley-Cartwright,GMC,Savana 3500
763,Parisian and Sons,GMC,1500
764,"Williamson, Crooks and Beatty",Volkswagen,Jetta
765,"Kunze, Erdman and Parker",Audi,S4
766,Bradtke Group,Mercedes-Benz,G-Class
767,Wisoky-Brakus,Ford,Flex
768,Lebsack and Sons,Nissan,Quest
769,Smitham Inc,Dodge,Ram 2500
770,"Luettgen, Beahan and Lehner",Ford,Expedition
771,Williamson-Wilderman,Cadillac,STS-V
772,"Nitzsche, Murazik and Heathcote",Mazda,B-Series Plus
773,Hickle-O'Kon,Lotus,Elise
774,"Grady, Anderson and Kemmer",Chevrolet,Suburban 2500
775,Thiel-Dietrich,Porsche,911
776,"Cole, Botsford and Gulgowski",Jeep,Liberty
777,Halvorson-Koepp,Chrysler,Imperial
778,Rowe and Sons,Ford,Expedition
779,Botsford and Sons,Toyota,Tundra
780,Lang-Rempel,MINI,Cooper Clubman
781,"Von, Schroeder and Mosciski",Chevrolet,TrailBlazer
782,Bednar LLC,Mercedes-Benz,CLS-Class
783,Harvey Group,Volkswagen,Passat
784,Mertz LLC,Nissan,Maxima
785,"Little, Dare and Cremin",Suzuki,SJ 410
786,Wilkinson-Ferry,Suzuki,Kizashi
787,"Torp, Walter and Dicki",Lincoln,Navigator
788,"Kutch, Gorczany and Morar",Suzuki,Forenza
789,"Huel, Bode and Pfannerstill",Aston Martin,V8 Vantage
790,"Lindgren, Gleason and Abernathy",Pontiac,GTO
791,Sipes and Sons,Audi,100
792,"Emmerich, Reichert and Turcotte",Pontiac,Tempest
793,Kovacek-Hickle,Lincoln,Continental
794,"Beer, Leannon and Schaefer",Chevrolet,S10
795,Paucek-Lockman,Chevrolet,Caprice
796,Bartell-Reichel,Volkswagen,New Beetle
797,"Wiza, Crooks and Collins",Chrysler,Town & Country
798,Wilkinson-Osinski,Infiniti,FX
799,"Ondricka, Jacobson and Bruen",GMC,Jimmy
800,"Hyatt, Beier and Kunde",Mitsubishi,Precis
801,Walsh-Hayes,Nissan,GT-R
802,Ebert Group,Infiniti,IPL G
803,"Rohan, Rohan and Hand",Lincoln,Navigator
804,"Beahan, Kozey and Funk",Dodge,Dakota
805,"Schmitt, Miller and Ebert",Scion,xB
806,Kunze LLC,Cadillac,DTS
807,Keebler-Smitham,Scion,tC
808,Feest-Carroll,Porsche,911
809,Nader-Fritsch,Infiniti,G
810,Stehr-Hammes,GMC,Sierra
811,"Daniel, Lakin and Lakin",Subaru,Brat
812,Runolfsdottir Group,Ford,Ranger
813,Willms Inc,Mitsubishi,Chariot
814,"Gislason, Wolff and Gislason",Lexus,HS
815,Reichert LLC,Scion,tC
816,"Bechtelar, Bogan and Christiansen",BMW,7 Series
817,"Flatley, Abbott and Hyatt",Pontiac,GTO
818,Medhurst-Collier,Toyota,4Runner
819,Schmidt Inc,Jaguar,XJ Series
820,Hyatt-Schultz,Chevrolet,Cobalt SS
821,"Nitzsche, Bogan and Spencer",Cadillac,DeVille
822,Flatley-Hoppe,Chevrolet,Cavalier
823,Bechtelar and Sons,Porsche,Boxster
824,Jakubowski Inc,Mercury,Sable
825,Friesen-Prosacco,Honda,Pilot
826,Morissette LLC,Chrysler,300M
827,Wisoky Group,Mitsubishi,Galant
828,Waelchi Inc,Mitsubishi,Diamante
829,O'Conner Group,GMC,Savana 2500
830,"Batz, Hirthe and Schiller",Eagle,Talon
831,"Schroeder, Brakus and Emard",Ford,Focus
832,Schumm and Sons,Honda,Pilot
833,"Armstrong, Sporer and Kihn",Toyota,Camry
834,D'Amore LLC,Acura,MDX
835,Okuneva-Crist,Toyota,Land Cruiser
836,"Zemlak, Kunze and Haley",Mercury,Sable
837,"Abbott, Spencer and Volkman",Chevrolet,Suburban 2500
838,Powlowski-Rau,Lexus,CT
839,"Weissnat, Murazik and Kub",Chrysler,PT Cruiser
840,Bergstrom Inc,Volkswagen,GTI
841,Crooks-Corkery,Mazda,Mazdaspeed 3
842,Schultz-Kuhn,Nissan,300ZX
843,Bergnaum Group,Chevrolet,S10
844,"Fritsch, Hudson and Monahan",Cadillac,Escalade ESV
845,Becker-Gulgowski,Chevrolet,Venture
846,"Oberbrunner, Fadel and Steuber",Mitsubishi,Montero Sport
847,Mills-Wehner,Infiniti,I
848,"Schmidt, Beer and Champlin",Chrysler,Concorde
849,Stark and Sons,Chevrolet,Corvette
850,Yost Group,Mercury,Cougar
851,Dietrich-Hansen,Toyota,Tundra
852,Smitham Group,Jaguar,XK
853,Graham LLC,Saab,9000
854,"Nienow, Hills and Johns",Mercedes-Benz,SLR McLaren
855,Bogisich and Sons,Ford,Econoline E250
856,"Rutherford, Anderson and Ebert",Rolls-Royce,Phantom
857,Homenick-Rempel,Mazda,Navajo
858,"Roob, Prohaska and Bernhard",Mitsubishi,Chariot
859,"Cummerata, Turcotte and Conn",Mercury,Mystique
860,Okuneva Inc,Rolls-Royce,Phantom
861,Ritchie Group,Eagle,Summit
862,Russel-Jacobi,Cadillac,DeVille
863,"Yost, McDermott and Murray",BMW,5 Series
864,Klein Inc,Chrysler,Town & Country
865,Reynolds and Sons,Lincoln,Continental
866,Leuschke Group,Kia,Rondo
867,Rath-Herzog,Ford,Probe
868,McKenzie-Powlowski,Toyota,T100 Xtra
869,"Stanton, Christiansen and Pollich",Dodge,Dakota Club
870,"Skiles, Leannon and Bosco",Audi,100
871,Orn-Boyle,Mercedes-Benz,C-Class
872,Ankunding-Konopelski,Kia,Sedona
873,Gorczany-Hoeger,GMC,Yukon
874,Kirlin Group,Chevrolet,1500
875,Hirthe-Paucek,Infiniti,G
876,"Leuschke, Hessel and Orn",Mercury,Sable
877,"Durgan, Rippin and Marks",Lincoln,Continental
878,Braun-Bechtelar,Kia,Spectra
879,"Homenick, Koch and Yost",Audi,A6
880,"Hagenes, Stokes and Grimes",Mercury,Sable
881,Carroll LLC,Porsche,Boxster
882,Flatley and Sons,BMW,5 Series
883,Swaniawski Inc,Audi,90
884,Kiehn LLC,Subaru,Impreza
885,Wolf LLC,BMW,5 Series
886,Kuvalis-Jast,Honda,CR-V
887,"King, Beer and Gorczany",Mitsubishi,Outlander
888,"Green, Deckow and Rice",Alfa Romeo,Spider
889,Trantow-Simonis,BMW,Z3
890,"Erdman, Bayer and Lemke",Dodge,Dakota
891,"Kuhic, Beahan and Ebert",Subaru,XT
892,Yundt-Quigley,Land Rover,Range Rover Sport
893,Connelly Inc,Volkswagen,Golf
894,"Hand, MacGyver and Prosacco",Porsche,911
895,Boyle-Abshire,Audi,80
896,Kuhic-Crooks,Dodge,Shadow
897,Swaniawski-Veum,Audi,A8
898,"Quitzon, Abbott and Smith",Buick,Century
899,Witting-Runte,Ford,Aspire
900,"Franecki, Hudson and Dooley",Cadillac,SRX
901,Lynch LLC,Chevrolet,Suburban 2500
902,Kris Inc,Mazda,RX-8
903,"Kreiger, Metz and Kshlerin",Honda,Prelude
904,"Thiel, Mayer and Connelly",Acura,Legend
905,Schinner and Sons,Mitsubishi,Montero
906,Leuschke-Greenfelder,Mitsubishi,Eclipse
907,Parisian LLC,Mazda,Miata MX-5
908,O'Keefe-Padberg,Chevrolet,Silverado 2500
909,Russel Inc,Dodge,Avenger
910,Kuhn Inc,Chrysler,Aspen
911,Koelpin Inc,Subaru,Outback
912,Stiedemann-Wyman,Chevrolet,Suburban
913,"Barrows, Ferry and Skiles",Buick,Regal
914,Auer Inc,Chevrolet,Tahoe
915,Considine Group,Porsche,Carrera GT
916,Predovic and Sons,Chevrolet,Corvette
917,"Lang, Haley and Wyman",Dodge,Spirit
918,"Reinger, Hessel and Jones",Mercury,Mountaineer
919,"Skiles, Feest and Langosh",GMC,Savana 3500
920,Ebert-Schultz,Mitsubishi,Cordia
921,Walsh LLC,Suzuki,XL7
922,Will LLC,Lexus,LX
923,"Fritsch, Kovacek and Halvorson",Suzuki,Forenza
924,Leuschke Group,Toyota,TundraMax
925,Rempel and Sons,Mercedes-Benz,SL-Class
926,Yundt-O'Keefe,BMW,M3
927,Bode-Dickens,Buick,LeSabre
928,"Considine, Schroeder and Conroy",Chevrolet,S10
929,"Kerluke, Beatty and Huels",Mitsubishi,Pajero
930,Mertz Inc,Infiniti,Q
931,McGlynn-Bogisich,Buick,LaCrosse
932,Morissette Group,Dodge,Journey
933,Bailey Inc,Bentley,Continental Super
934,"Skiles, Hoppe and Harber",Mazda,CX-9
935,"Hermiston, Gleichner and Pacocha",Chevrolet,Express 3500
936,Hodkiewicz-Kuhic,Cadillac,STS-V
937,Lind-Stamm,Lincoln,Mark VIII
938,Emard-Stark,Maserati,430
939,"Hagenes, Hilll and Padberg",Mitsubishi,Diamante
940,Maggio Inc,Oldsmobile,Silhouette
941,"Bednar, Lowe and Gutmann",Oldsmobile,Toronado
942,Cummings-Goodwin,Mazda,MX-5
943,Monahan-Hane,Chrysler,Town & Country
944,"McGlynn, Johns and Ortiz",Mazda,MX-6
945,"Champlin, Hilpert and Wehner",Cadillac,Escalade ESV
946,Bartell-Gusikowski,Volkswagen,Fox
947,Schroeder-Moen,Buick,Regal
948,Weissnat-Hamill,Hummer,H1
949,Hegmann LLC,Land Rover,LR3
950,McClure-Nikolaus,Cadillac,XLR
951,Baumbach Group,Mazda,626
952,"Parker, Herzog and Denesik",Dodge,Ramcharger
953,"Senger, Fahey and Hyatt",Chevrolet,Suburban 1500
954,Rath-Russel,Bentley,Continental
955,Kuhlman LLC,GMC,Sierra 2500
956,Bashirian Group,Chevrolet,Astro
957,Kreiger-Will,Nissan,Quest
958,"Sanford, Denesik and Crooks",Isuzu,i-370
959,"Roberts, Goyette and Swaniawski",BMW,750
960,Auer and Sons,Infiniti,G
961,Roberts-Hamill,Volkswagen,Rabbit
962,Baumbach LLC,Mazda,Protege
963,Steuber LLC,Mazda,CX-7
964,"Schuppe, Koss and Rippin",Jeep,Patriot
965,Hauck LLC,Chevrolet,Prizm
966,Zieme LLC,Mitsubishi,Montero
967,Simonis and Sons,MINI,Cooper
968,Johns-Baumbach,Mitsubishi,Mighty Max Macro
969,Bartell Group,Dodge,Challenger
970,"Wuckert, Turner and Parisian",Toyota,Tacoma Xtra
971,"Luettgen, Fritsch and Batz",Porsche,914
972,"Purdy, Okuneva and Bruen",Infiniti,FX
973,"Murphy, Haag and Corwin",Infiniti,QX
974,"Ryan, Stokes and Bogisich",Saturn,L-Series
975,Leannon-Lang,Pontiac,Trans Sport
976,Mann-Hudson,Land Rover,Range Rover Sport
977,Simonis-Dietrich,Chevrolet,Vega
978,Pacocha LLC,Pontiac,Firefly
979,Maggio-Bahringer,Ford,Edge
980,Ziemann-Erdman,Hyundai,Sonata
981,Raynor-Koss,Mazda,MX-6
982,Emmerich-Schultz,Pontiac,Vibe
983,Farrell-Kris,Chevrolet,Sonic
984,Dooley-Hirthe,Plymouth,Grand Voyager
985,Lockman and Sons,Holden,VS Commodore
986,Jast Group,BMW,X5 M
987,Kris LLC,Infiniti,Q
988,Dooley-Kiehn,Cadillac,DTS
989,Steuber LLC,GMC,Vandura G3500
990,Dare-Dietrich,Chevrolet,Silverado 2500
991,Bailey Inc,Mazda,Mazda6
992,"Koepp, Rempel and Champlin",Cadillac,Eldorado
993,Abbott-Denesik,Buick,LeSabre
994,"Reinger, Jenkins and Rolfson",Chevrolet,Blazer
995,Hirthe-Tromp,Ford,E250
996,"Wisoky, Marvin and Witting",Honda,Passport
997,"Sanford, Champlin and Donnelly",Isuzu,Amigo
998,"Kiehn, Bayer and Cremin",Bentley,Continental
999,Marvin LLC,Plymouth,Prowler
1000,Wintheiser-Legros,Pontiac,G6
