product_brand,certification
Kihn Inc,Etiam pretium iaculis justo.
"Paucek, Fisher and Johnston",Maecenas tincidunt lacus at velit.
Pollich Inc,"Maecenas leo odio, condimentum id, luctus nec, molestie sed, justo."
"Schamberger, Wiza and Schroeder",Ut tellus.
Medhurst and Sons,Mauris ullamcorper purus sit amet nulla.
"Russel, Mann and Lockman",Pellentesque at nulla.
"Green, Murphy and Rutherford",Nulla nisl.
"Pfannerstill, Boyle and Cremin",Nullam molestie nibh in lectus.
Beahan and Sons,Sed vel enim sit amet nunc viverra dapibus.
Casper Inc,Duis aliquam convallis nunc.
"Purdy, Senger and Torp",Phasellus id sapien in sapien iaculis congue.
"Feil, Koch and Doyle",Phasellus in felis.
"Goldner, Kshlerin and Predovic","Nullam orci pede, venenatis non, sodales sed, tincidunt eu, felis."
"Senger, Bayer and Predovic","Aliquam augue quam, sollicitudin vitae, consectetuer eget, rutrum at, lorem."
"Dare, Corkery and Mraz",Nullam varius.
"Schumm, Mohr and Muller",Nulla facilisi.
"Ullrich, Harvey and Hodkiewicz",Cras pellentesque volutpat dui.
"Wuckert, Roberts and Konopelski",In sagittis dui vel nisl.
Glover-Heathcote,In congue.
Wilkinson-Reilly,Nulla ac enim.
"Larkin, Feil and Paucek",Quisque id justo sit amet sapien dignissim vestibulum.
"Hamill, Legros and Wisoky",Pellentesque at nulla.
Lang-Rice,"Nulla neque libero, convallis eget, eleifend luctus, ultricies eu, nibh."
Friesen and Sons,"Cum sociis natoque penatibus et magnis dis parturient montes, nascetur ridiculus mus."
Connelly-Skiles,Nulla suscipit ligula in lacus.
"Gusikowski, Ernser and Schulist","Cum sociis natoque penatibus et magnis dis parturient montes, nascetur ridiculus mus."
McGlynn-Lueilwitz,"Integer aliquet, massa id lobortis convallis, tortor risus dapibus augue, vel accumsan tellus nisi eu orci."
Sporer Inc,Vivamus tortor.
Lindgren and Sons,Praesent blandit.
Osinski LLC,Nunc nisl.
"Schmidt, Cremin and Lemke","Vivamus metus arcu, adipiscing molestie, hendrerit at, vulputate vitae, nisl."
Zboncak-Carter,"Nam ultrices, libero non mattis pulvinar, nulla pede ullamcorper augue, a suscipit nulla elit ac nulla."
Turcotte Inc,Vestibulum ante ipsum primis in faucibus orci luctus et ultrices posuere cubilia Curae; Nulla dapibus dolor vel est.
"Rempel, Graham and Hintz","Lorem ipsum dolor sit amet, consectetuer adipiscing elit."
Conroy-Beier,Curabitur in libero ut massa volutpat convallis.
Franecki Inc,Vestibulum ante ipsum primis in faucibus orci luctus et ultrices posuere cubilia Curae; Nulla dapibus dolor vel est.
"Batz, Braun and Romaguera",Proin risus.
McClure Inc,Suspendisse potenti.
"Braun, Bergstrom and Schamberger","Aliquam augue quam, sollicitudin vitae, consectetuer eget, rutrum at, lorem."
Pacocha LLC,Nulla suscipit ligula in lacus.
Barrows-Oberbrunner,Mauris lacinia sapien quis libero.
"Beer, McDermott and Cole",Phasellus id sapien in sapien iaculis congue.
Crooks Inc,"Cras mi pede, malesuada in, imperdiet et, commodo vulputate, justo."
Wolf-Bauch,Vestibulum sed magna at nunc commodo placerat.
Hand and Sons,Phasellus sit amet erat.
Keeling-Bechtelar,Nam tristique tortor eu pede.
Kihn Group,Donec ut mauris eget massa tempor convallis.
"Jenkins, Bartoletti and Hills",Nullam molestie nibh in lectus.
Russel Inc,"Cum sociis natoque penatibus et magnis dis parturient montes, nascetur ridiculus mus."
"Nienow, Crona and O'Conner",Pellentesque eget nunc.
Quitzon Inc,Cras pellentesque volutpat dui.
Kessler-Carroll,Curabitur gravida nisi at nibh.
Zieme-Nader,Nullam varius.
Hermann Inc,Suspendisse potenti.
"Rohan, Kovacek and Will",Duis at velit eu est congue elementum.
"Oberbrunner, Torp and Rath",Integer tincidunt ante vel ipsum.
Vandervort LLC,Proin at turpis a pede posuere nonummy.
Stracke and Sons,Pellentesque viverra pede ac diam.
"Stroman, Ernser and Romaguera",In eleifend quam a odio.
Hahn Inc,"Vestibulum ante ipsum primis in faucibus orci luctus et ultrices posuere cubilia Curae; Donec pharetra, magna vestibulum aliquet ultrices, erat tortor sollicitudin mi, sit amet lobortis sapien sapien non mi."
"Runte, Bauch and Schumm",Morbi non lectus.
Ruecker Inc,Donec ut dolor.
Braun Inc,"Cum sociis natoque penatibus et magnis dis parturient montes, nascetur ridiculus mus."
Bins and Sons,Etiam faucibus cursus urna.
"Mayert, Rath and Haag","In tempor, turpis nec euismod scelerisque, quam turpis adipiscing lorem, vitae mattis nibh ligula nec sem."
Turner-Legros,Suspendisse potenti.
Renner-O'Conner,Praesent id massa id nisl venenatis lacinia.
Wilderman Inc,Nunc purus.
"Marks, Morissette and Kuhic","Integer aliquet, massa id lobortis convallis, tortor risus dapibus augue, vel accumsan tellus nisi eu orci."
"Howe, Ward and Schultz",Nulla facilisi.
"Kutch, Gleason and Roberts",Donec ut mauris eget massa tempor convallis.
Dickens-Ortiz,Etiam pretium iaculis justo.
Klocko LLC,Morbi a ipsum.
Boehm-Runte,Nulla ac enim.
Gerhold Group,Etiam vel augue.
"Frami, Gerlach and Lemke","Quisque erat eros, viverra eget, congue eget, semper rutrum, nulla."
Sanford LLC,Donec posuere metus vitae ipsum.
Abernathy LLC,Donec vitae nisi.
"Bernier, Kautzer and Schinner",Nulla ac enim.
VonRueden Group,In hac habitasse platea dictumst.
"Morissette, Balistreri and Prosacco",Nulla justo.
"Hane, Morissette and Williamson",In hac habitasse platea dictumst.
"Borer, Kassulke and West",Morbi vel lectus in quam fringilla rhoncus.
"Ullrich, Bechtelar and Moore",Quisque porta volutpat erat.
Wuckert-Schumm,Pellentesque eget nunc.
"Kemmer, Leannon and Rodriguez",Suspendisse accumsan tortor quis turpis.
Kovacek Group,Morbi non lectus.
Mertz-Gusikowski,Pellentesque viverra pede ac diam.
Rodriguez Group,Pellentesque eget nunc.
"Keeling, Towne and Ryan",Proin at turpis a pede posuere nonummy.
"Dibbert, Tillman and Fahey",Morbi non quam nec dui luctus rutrum.
"Jones, Schultz and Osinski","Nullam orci pede, venenatis non, sodales sed, tincidunt eu, felis."
"Ruecker, Schoen and Gorczany",Suspendisse potenti.
King-Zemlak,Aliquam erat volutpat.
Cartwright-Kris,Praesent id massa id nisl venenatis lacinia.
"Gibson, Heller and Hilll",Nullam porttitor lacus at turpis.
Lesch-Tromp,Vivamus tortor.
Bayer and Sons,Morbi vel lectus in quam fringilla rhoncus.
Mayert-Gleichner,Nunc nisl.
Armstrong-Beahan,Praesent blandit lacinia erat.
"Frami, Beahan and Koss",Donec semper sapien a libero.
Goldner-Fadel,Donec posuere metus vitae ipsum.
Morar-Harber,Phasellus in felis.
Dooley-Boyle,Etiam faucibus cursus urna.
Windler LLC,Sed sagittis.
"Upton, Abbott and Dach","Morbi sem mauris, laoreet ut, rhoncus aliquet, pulvinar sed, nisl."
Howe Group,Nulla ac enim.
Effertz and Sons,Mauris lacinia sapien quis libero.
"Gislason, Miller and Moore",Integer ac leo.
"Ryan, Hammes and Rohan","Mauris enim leo, rhoncus sed, vestibulum sit amet, cursus id, turpis."
Gorczany LLC,Maecenas pulvinar lobortis est.
Bode-Kshlerin,Aliquam sit amet diam in magna bibendum imperdiet.
"Deckow, Kub and Baumbach",Nulla tempus.
Streich Group,Suspendisse potenti.
Tremblay Group,Morbi ut odio.
"Lockman, Schoen and Block",Phasellus sit amet erat.
"D'Amore, Schmitt and Hegmann",Donec vitae nisi.
Legros-Huels,Integer a nibh.
Schuppe LLC,Morbi non lectus.
"Stroman, Rolfson and Cremin","Donec odio justo, sollicitudin ut, suscipit a, feugiat et, eros."
Wiegand-O'Keefe,Quisque ut erat.
"Barton, Wilderman and Jacobson",Maecenas ut massa quis augue luctus tincidunt.
"Jakubowski, Kiehn and Bradtke",Duis ac nibh.
Reilly-Rolfson,Curabitur in libero ut massa volutpat convallis.
Barrows Inc,Maecenas ut massa quis augue luctus tincidunt.
Hauck LLC,Curabitur in libero ut massa volutpat convallis.
Hartmann-Murazik,Nulla ac enim.
Lubowitz-Kunze,Aenean sit amet justo.
Ortiz-Schamberger,Nulla ut erat id mauris vulputate elementum.
Stanton and Sons,"In tempor, turpis nec euismod scelerisque, quam turpis adipiscing lorem, vitae mattis nibh ligula nec sem."
Raynor Inc,"Maecenas tristique, est et tempus semper, est quam pharetra magna, ac consequat metus sapien ut nunc."
"Balistreri, West and Marquardt","Cum sociis natoque penatibus et magnis dis parturient montes, nascetur ridiculus mus."
"Harber, Heathcote and Reichert",Duis ac nibh.
Ullrich-Schneider,Proin at turpis a pede posuere nonummy.
"Mayert, O'Connell and Terry",Vivamus in felis eu sapien cursus vestibulum.
Kemmer-Kertzmann,In blandit ultrices enim.
"Stracke, Keeling and Hirthe","Cum sociis natoque penatibus et magnis dis parturient montes, nascetur ridiculus mus."
Gerhold-Erdman,Etiam justo.
Robel-Schuster,Aenean lectus.
Schiller Group,Quisque ut erat.
Nitzsche-Cormier,"Morbi odio odio, elementum eu, interdum eu, tincidunt in, leo."
"Gottlieb, Kunze and Schinner",Vestibulum ac est lacinia nisi venenatis tristique.
Abbott Inc,Quisque ut erat.
Bruen-O'Kon,Sed ante.
Volkman Group,Praesent lectus.
"Barrows, Ortiz and Carter","Lorem ipsum dolor sit amet, consectetuer adipiscing elit."
"Weissnat, Miller and Prosacco",Duis mattis egestas metus.
Rodriguez-Rempel,Cras pellentesque volutpat dui.
Armstrong-Torp,"Integer aliquet, massa id lobortis convallis, tortor risus dapibus augue, vel accumsan tellus nisi eu orci."
Ritchie Group,"Duis bibendum, felis sed interdum venenatis, turpis enim blandit mi, in porttitor pede justo eu massa."
"Towne, Smith and Christiansen","Nulla neque libero, convallis eget, eleifend luctus, ultricies eu, nibh."
Nikolaus-Abbott,Duis aliquam convallis nunc.
Hudson-Abernathy,Phasellus in felis.
Pagac-Grady,"Integer pede justo, lacinia eget, tincidunt eget, tempus vel, pede."
Bashirian Inc,Nam nulla.
"Macejkovic, Gerhold and Schneider",Nulla nisl.
Feeney-Sanford,Vivamus vel nulla eget eros elementum pellentesque.
McDermott LLC,"Vestibulum ante ipsum primis in faucibus orci luctus et ultrices posuere cubilia Curae; Donec pharetra, magna vestibulum aliquet ultrices, erat tortor sollicitudin mi, sit amet lobortis sapien sapien non mi."
Reynolds-Boyle,Donec ut mauris eget massa tempor convallis.
Hauck-Schinner,Integer tincidunt ante vel ipsum.
Lebsack Inc,"Lorem ipsum dolor sit amet, consectetuer adipiscing elit."
Greenfelder-Rogahn,Nulla tellus.
"Murphy, Goyette and Johnson",Pellentesque viverra pede ac diam.
Runte Inc,Morbi a ipsum.
Haag-Kovacek,Nullam porttitor lacus at turpis.
Ullrich-Yost,Aenean lectus.
Breitenberg LLC,Phasellus id sapien in sapien iaculis congue.
Hand-Mertz,"Morbi vestibulum, velit id pretium iaculis, diam erat fermentum justo, nec condimentum neque sapien placerat ante."
Shanahan-Friesen,Sed sagittis.
Schroeder LLC,Nullam varius.
Ruecker-Kirlin,Etiam vel augue.
Moore Inc,"Lorem ipsum dolor sit amet, consectetuer adipiscing elit."
Waelchi LLC,Donec vitae nisi.
"Altenwerth, Schmidt and Jenkins",Phasellus id sapien in sapien iaculis congue.
"Carter, Hahn and Wehner",Aenean auctor gravida sem.
Mertz LLC,"In tempor, turpis nec euismod scelerisque, quam turpis adipiscing lorem, vitae mattis nibh ligula nec sem."
"Yost, Hayes and Schaefer",Morbi non quam nec dui luctus rutrum.
"Leffler, Hodkiewicz and Jaskolski",Cras pellentesque volutpat dui.
Konopelski LLC,Etiam pretium iaculis justo.
Feest Group,Donec vitae nisi.
Kuhlman-Medhurst,"Quisque arcu libero, rutrum ac, lobortis vel, dapibus at, diam."
"Padberg, Davis and Miller","Vestibulum ante ipsum primis in faucibus orci luctus et ultrices posuere cubilia Curae; Donec pharetra, magna vestibulum aliquet ultrices, erat tortor sollicitudin mi, sit amet lobortis sapien sapien non mi."
Ziemann Group,Integer a nibh.
Monahan Group,Nunc purus.
Bode Group,"Fusce lacus purus, aliquet at, feugiat non, pretium quis, lectus."
Torp-Bechtelar,"Integer pede justo, lacinia eget, tincidunt eget, tempus vel, pede."
Kub-Mraz,Donec dapibus.
Tromp LLC,Etiam faucibus cursus urna.
Cormier LLC,Nunc nisl.
Denesik and Sons,Nulla ut erat id mauris vulputate elementum.
"Larkin, Walter and Leffler",Morbi a ipsum.
"Huel, Larkin and Senger",In blandit ultrices enim.
Herzog-Haley,Nulla nisl.
Vandervort Inc,Ut tellus.
Frami and Sons,Nullam varius.
Murray-Runolfsdottir,Aenean sit amet justo.
"Heaney, Hahn and Murray",Vestibulum ante ipsum primis in faucibus orci luctus et ultrices posuere cubilia Curae; Duis faucibus accumsan odio.
"Paucek, Schultz and Morissette",Nullam porttitor lacus at turpis.
Pacocha-Hansen,"Nam congue, risus semper porta volutpat, quam pede lobortis ligula, sit amet eleifend pede libero quis orci."
"Breitenberg, Weimann and Dickinson",Nullam molestie nibh in lectus.
Stroman-Wisoky,Morbi quis tortor id nulla ultrices aliquet.
Walsh-Goodwin,Vestibulum sed magna at nunc commodo placerat.
Sauer-Lehner,Vestibulum ante ipsum primis in faucibus orci luctus et ultrices posuere cubilia Curae; Duis faucibus accumsan odio.
Schaden-Barrows,Pellentesque ultrices mattis odio.
"Kuphal, Lakin and Schmitt",Suspendisse potenti.
Jacobson-Ward,Etiam vel augue.
"Weissnat, Bernier and Keeling",Aenean auctor gravida sem.
Ward-Hickle,In quis justo.
Abshire and Sons,Nam nulla.
Kunde Inc,Vestibulum ante ipsum primis in faucibus orci luctus et ultrices posuere cubilia Curae; Mauris viverra diam vitae quam.
"Kulas, Becker and Zulauf",Nulla ac enim.
Grimes Inc,Proin risus.
Reilly-Bernier,Nulla tellus.
Wehner-Collier,In eleifend quam a odio.
Dickens and Sons,"Donec diam neque, vestibulum eget, vulputate ut, ultrices vel, augue."
D'Amore Group,Aenean lectus.
"Wiegand, O'Hara and Goyette",Sed ante.
"Hauck, Balistreri and Rutherford",Duis bibendum.
Reichert-Schaden,Nulla suscipit ligula in lacus.
Bernier LLC,Etiam vel augue.
"Johns, Rutherford and Blanda",Integer tincidunt ante vel ipsum.
Grimes Group,Maecenas ut massa quis augue luctus tincidunt.
Cronin Inc,Proin interdum mauris non ligula pellentesque ultrices.
Williamson-Kuphal,Nulla justo.
"Friesen, Paucek and McCullough",Aenean sit amet justo.
Abshire-Pfeffer,In hac habitasse platea dictumst.
"Dicki, Lemke and Swift",Aliquam non mauris.
Turner LLC,Donec semper sapien a libero.
McClure LLC,Suspendisse potenti.
"Huel, Kessler and Keebler",Morbi non quam nec dui luctus rutrum.
Rogahn and Sons,"In est risus, auctor sed, tristique in, tempus sit amet, sem."
Kassulke-Carter,In hac habitasse platea dictumst.
Denesik-Padberg,Praesent blandit lacinia erat.
Doyle Group,Suspendisse potenti.
Deckow-Veum,Fusce posuere felis sed lacus.
McCullough-Howe,Suspendisse ornare consequat lectus.
Botsford-Kertzmann,In sagittis dui vel nisl.
"Marquardt, Bruen and Goyette",Praesent lectus.
Baumbach and Sons,Duis at velit eu est congue elementum.
Satterfield LLC,Nulla mollis molestie lorem.
Johns LLC,Vestibulum sed magna at nunc commodo placerat.
Mertz and Sons,Nulla nisl.
McLaughlin-Huels,Vivamus vel nulla eget eros elementum pellentesque.
Nienow-Willms,Morbi porttitor lorem id ligula.
"Langworth, Douglas and Langworth",In blandit ultrices enim.
Champlin LLC,"Nam ultrices, libero non mattis pulvinar, nulla pede ullamcorper augue, a suscipit nulla elit ac nulla."
Christiansen and Sons,Vestibulum rutrum rutrum neque.
O'Kon Group,Fusce posuere felis sed lacus.
Ferry Group,Quisque id justo sit amet sapien dignissim vestibulum.
Leuschke-MacGyver,"Proin leo odio, porttitor id, consequat in, consequat ut, nulla."
Nitzsche LLC,"Vestibulum ante ipsum primis in faucibus orci luctus et ultrices posuere cubilia Curae; Donec pharetra, magna vestibulum aliquet ultrices, erat tortor sollicitudin mi, sit amet lobortis sapien sapien non mi."
Krajcik Inc,Phasellus id sapien in sapien iaculis congue.
Lind and Sons,In congue.
Wiegand-Lesch,Donec posuere metus vitae ipsum.
Mitchell-Robel,In hac habitasse platea dictumst.
"Gislason, Walsh and Jenkins",Donec posuere metus vitae ipsum.
"Gusikowski, Cormier and Littel",Donec quis orci eget orci vehicula condimentum.
Hintz Inc,Nulla nisl.
Parker-Brown,Quisque porta volutpat erat.
Block-Carroll,Aliquam quis turpis eget elit sodales scelerisque.
Schoen-Bode,Morbi non lectus.
Herzog LLC,Morbi porttitor lorem id ligula.
Mills and Sons,Nunc nisl.
"Osinski, Ullrich and Cremin",Phasellus id sapien in sapien iaculis congue.
Koch and Sons,"Cum sociis natoque penatibus et magnis dis parturient montes, nascetur ridiculus mus."
Tillman Group,Etiam justo.
Feil-Little,Suspendisse accumsan tortor quis turpis.
Funk-Nikolaus,Etiam faucibus cursus urna.
Koepp-Gorczany,In eleifend quam a odio.
Beahan-Hansen,"Quisque arcu libero, rutrum ac, lobortis vel, dapibus at, diam."
Treutel LLC,"Lorem ipsum dolor sit amet, consectetuer adipiscing elit."
Emmerich LLC,Vestibulum ante ipsum primis in faucibus orci luctus et ultrices posuere cubilia Curae; Duis faucibus accumsan odio.
"Deckow, Schulist and Cruickshank","Duis bibendum, felis sed interdum venenatis, turpis enim blandit mi, in porttitor pede justo eu massa."
"Funk, Kozey and Corwin",Duis bibendum.
Towne LLC,Morbi vel lectus in quam fringilla rhoncus.
"Romaguera, Dooley and Conroy",Nunc rhoncus dui vel sem.
Goldner-Marvin,Vivamus in felis eu sapien cursus vestibulum.
Murray Group,"Vestibulum ante ipsum primis in faucibus orci luctus et ultrices posuere cubilia Curae; Donec pharetra, magna vestibulum aliquet ultrices, erat tortor sollicitudin mi, sit amet lobortis sapien sapien non mi."
Kreiger-Torp,Aliquam quis turpis eget elit sodales scelerisque.
Langworth-Boyer,Vivamus vestibulum sagittis sapien.
Bernhard-Johnson,Etiam pretium iaculis justo.
Rowe Group,Morbi quis tortor id nulla ultrices aliquet.
Crist LLC,Aliquam erat volutpat.
King LLC,Nunc rhoncus dui vel sem.
"Ankunding, McKenzie and Legros",Phasellus in felis.
Walker and Sons,Integer tincidunt ante vel ipsum.
"Brekke, Kessler and Heidenreich",Donec semper sapien a libero.
Hamill-Luettgen,Vivamus tortor.
"Nikolaus, Greenholt and Labadie",Proin at turpis a pede posuere nonummy.
Carroll LLC,Phasellus id sapien in sapien iaculis congue.
Muller-Lueilwitz,Morbi non quam nec dui luctus rutrum.
Kreiger Group,Praesent id massa id nisl venenatis lacinia.
Koss and Sons,Phasellus sit amet erat.
Satterfield-Sawayn,Duis bibendum.
Block and Sons,Curabitur in libero ut massa volutpat convallis.
"Skiles, Mills and Wisozk",Vestibulum ac est lacinia nisi venenatis tristique.
"Cruickshank, Runolfsson and Schultz","Cum sociis natoque penatibus et magnis dis parturient montes, nascetur ridiculus mus."
Rogahn-Mante,Suspendisse potenti.
Kilback-Luettgen,Vivamus in felis eu sapien cursus vestibulum.
"Stark, Gibson and Thiel",Nunc rhoncus dui vel sem.
Kilback Group,"Fusce congue, diam id ornare imperdiet, sapien urna pretium nisl, ut volutpat sapien arcu sed augue."
"Barrows, Crooks and Torp",Vestibulum ante ipsum primis in faucibus orci luctus et ultrices posuere cubilia Curae; Mauris viverra diam vitae quam.
"Wisoky, Larkin and Batz",In blandit ultrices enim.
"Schneider, Ledner and Lubowitz",Curabitur gravida nisi at nibh.
Graham Group,Nulla suscipit ligula in lacus.
Lind Group,In hac habitasse platea dictumst.
Hintz-Parisian,"Lorem ipsum dolor sit amet, consectetuer adipiscing elit."
Effertz-Flatley,Cras non velit nec nisi vulputate nonummy.
Ziemann LLC,"Vivamus metus arcu, adipiscing molestie, hendrerit at, vulputate vitae, nisl."
"Hettinger, Gleichner and Cormier",Suspendisse ornare consequat lectus.
Hayes Inc,Vestibulum rutrum rutrum neque.
Crooks Group,Maecenas ut massa quis augue luctus tincidunt.
Johnson-Welch,Ut at dolor quis odio consequat varius.
Thompson Inc,Nulla facilisi.
"Hettinger, Harris and Hodkiewicz",Nulla ac enim.
Berge-Barton,Quisque ut erat.
"Pouros, Stark and Gusikowski",Curabitur convallis.
Kilback Group,"Duis bibendum, felis sed interdum venenatis, turpis enim blandit mi, in porttitor pede justo eu massa."
Schmitt-Bosco,Etiam justo.
"Stark, Homenick and Bernhard","In tempor, turpis nec euismod scelerisque, quam turpis adipiscing lorem, vitae mattis nibh ligula nec sem."
Leuschke-Gleichner,Mauris sit amet eros.
"Bartoletti, DuBuque and Hyatt",Etiam faucibus cursus urna.
"Jones, Kuhlman and Shanahan",Sed accumsan felis.
"Bechtelar, Corwin and Larkin",Vivamus vestibulum sagittis sapien.
"Rohan, Okuneva and Reilly",Fusce posuere felis sed lacus.
Bogisich and Sons,Suspendisse accumsan tortor quis turpis.
Keeling-Goodwin,Integer ac leo.
"Champlin, Hauck and Ullrich","Integer aliquet, massa id lobortis convallis, tortor risus dapibus augue, vel accumsan tellus nisi eu orci."
Cartwright LLC,Duis ac nibh.
"Conroy, Monahan and Turcotte",Quisque porta volutpat erat.
"Ondricka, Murray and Schuppe",Aliquam non mauris.
"Hand, Langosh and Feest",Duis ac nibh.
Weber and Sons,Integer ac neque.
Yost-McLaughlin,In quis justo.
Hickle Group,"Nulla neque libero, convallis eget, eleifend luctus, ultricies eu, nibh."
Koch-Lind,"Quisque erat eros, viverra eget, congue eget, semper rutrum, nulla."
Auer LLC,Curabitur gravida nisi at nibh.
VonRueden LLC,"Lorem ipsum dolor sit amet, consectetuer adipiscing elit."
Armstrong-Davis,Maecenas pulvinar lobortis est.
McKenzie-MacGyver,"Cum sociis natoque penatibus et magnis dis parturient montes, nascetur ridiculus mus."
"Erdman, Jacobs and Goyette",Vivamus in felis eu sapien cursus vestibulum.
Vandervort-Huel,"Fusce lacus purus, aliquet at, feugiat non, pretium quis, lectus."
"Flatley, Mayer and Wilkinson","Integer pede justo, lacinia eget, tincidunt eget, tempus vel, pede."
"Walsh, Harber and Hessel",Integer ac leo.
"Parisian, Steuber and Parisian","Nam ultrices, libero non mattis pulvinar, nulla pede ullamcorper augue, a suscipit nulla elit ac nulla."
"Hagenes, McKenzie and Schowalter",Nulla tempus.
Wilkinson Inc,Phasellus sit amet erat.
Kemmer-Stamm,Suspendisse potenti.
Goyette LLC,Curabitur at ipsum ac tellus semper interdum.
McCullough LLC,Praesent id massa id nisl venenatis lacinia.
Muller-Braun,Duis aliquam convallis nunc.
Moore Inc,"Vivamus metus arcu, adipiscing molestie, hendrerit at, vulputate vitae, nisl."
Franecki-Deckow,Vestibulum ante ipsum primis in faucibus orci luctus et ultrices posuere cubilia Curae; Mauris viverra diam vitae quam.
"Homenick, Schmidt and Jacobson",Proin at turpis a pede posuere nonummy.
McClure-Berge,"Aliquam augue quam, sollicitudin vitae, consectetuer eget, rutrum at, lorem."
"Heaney, Blanda and Mueller",Proin risus.
Schulist Group,"Morbi vestibulum, velit id pretium iaculis, diam erat fermentum justo, nec condimentum neque sapien placerat ante."
Shields-Heaney,Proin eu mi.
Kuhn-Bauch,In quis justo.
"Kohler, Doyle and McGlynn",Phasellus id sapien in sapien iaculis congue.
Bode-Goodwin,Vestibulum ante ipsum primis in faucibus orci luctus et ultrices posuere cubilia Curae; Mauris viverra diam vitae quam.
Watsica-McKenzie,Maecenas rhoncus aliquam lacus.
Volkman Group,Sed ante.
Erdman-Prohaska,Ut tellus.
Bartoletti-Anderson,Donec semper sapien a libero.
Yundt-Swift,"Fusce congue, diam id ornare imperdiet, sapien urna pretium nisl, ut volutpat sapien arcu sed augue."
Paucek-Friesen,"Lorem ipsum dolor sit amet, consectetuer adipiscing elit."
"Glover, Volkman and Hodkiewicz",Suspendisse potenti.
Tremblay-Borer,Sed ante.
Wisoky-Batz,Vivamus tortor.
Mann Group,"Integer pede justo, lacinia eget, tincidunt eget, tempus vel, pede."
Brown Inc,Nulla suscipit ligula in lacus.
Bins Inc,Sed sagittis.
"Rowe, Williamson and Jacobs",In blandit ultrices enim.
Gusikowski-Stoltenberg,Nam dui.
Simonis Group,Aenean sit amet justo.
"Crist, Jones and Schamberger",Morbi porttitor lorem id ligula.
Doyle LLC,"Morbi odio odio, elementum eu, interdum eu, tincidunt in, leo."
Stehr LLC,Suspendisse accumsan tortor quis turpis.
Frami-Cole,In quis justo.
Lynch Inc,Mauris sit amet eros.
Bahringer and Sons,Pellentesque eget nunc.
Aufderhar Group,"Lorem ipsum dolor sit amet, consectetuer adipiscing elit."
Hermann-Luettgen,Morbi vel lectus in quam fringilla rhoncus.
Mayer LLC,Nam dui.
"Sauer, Herman and Marvin",Integer ac leo.
"Howe, Stracke and Sipes",Nullam varius.
Schamberger-Wisoky,Maecenas tincidunt lacus at velit.
Johnston and Sons,Morbi a ipsum.
Pfeffer LLC,Maecenas tincidunt lacus at velit.
Daugherty LLC,"Duis bibendum, felis sed interdum venenatis, turpis enim blandit mi, in porttitor pede justo eu massa."
McGlynn and Sons,Praesent lectus.
Wilkinson-Schamberger,"Maecenas leo odio, condimentum id, luctus nec, molestie sed, justo."
"Kiehn, Terry and Gorczany",Duis aliquam convallis nunc.
"Kuphal, Howe and Hickle","In est risus, auctor sed, tristique in, tempus sit amet, sem."
Dickinson-Murazik,Curabitur convallis.
Carter Inc,In hac habitasse platea dictumst.
"Reilly, Roob and Howe",Proin at turpis a pede posuere nonummy.
"Weissnat, Bashirian and Reynolds",Vivamus tortor.
Wilderman-Jacobi,Donec posuere metus vitae ipsum.
"Mante, Kub and Dibbert",Pellentesque ultrices mattis odio.
Rempel-Bruen,"Vivamus metus arcu, adipiscing molestie, hendrerit at, vulputate vitae, nisl."
Terry-Franecki,Nunc purus.
Lang-Johns,Mauris lacinia sapien quis libero.
"Murray, Tromp and Russel","In tempor, turpis nec euismod scelerisque, quam turpis adipiscing lorem, vitae mattis nibh ligula nec sem."
Blanda-Wisozk,Integer ac neque.
"Walker, Maggio and Pfeffer",Nullam porttitor lacus at turpis.
Ernser-Hermiston,Donec ut mauris eget massa tempor convallis.
Bergnaum-Mitchell,Sed accumsan felis.
Torp Group,Vestibulum ante ipsum primis in faucibus orci luctus et ultrices posuere cubilia Curae; Duis faucibus accumsan odio.
Roberts and Sons,Integer ac leo.
"Rippin, Schimmel and Greenholt",Sed accumsan felis.
Okuneva and Sons,Nunc rhoncus dui vel sem.
"Hagenes, Koepp and Dibbert",Vestibulum ante ipsum primis in faucibus orci luctus et ultrices posuere cubilia Curae; Nulla dapibus dolor vel est.
"Kris, Huels and Wolff",Morbi ut odio.
Stokes LLC,Praesent lectus.
"Schoen, Huels and Dietrich",Morbi porttitor lorem id ligula.
"Shields, Satterfield and Vandervort",Praesent blandit.
"Lebsack, Streich and Frami",Aenean auctor gravida sem.
"Schumm, Weimann and Berge",Morbi ut odio.
Ryan LLC,Pellentesque ultrices mattis odio.
Wilderman Inc,Ut at dolor quis odio consequat varius.
"Grimes, Auer and Haag",Morbi ut odio.
"Hoppe, Runolfsson and Vandervort",Phasellus id sapien in sapien iaculis congue.
Little and Sons,Nam nulla.
Grady Inc,"Quisque arcu libero, rutrum ac, lobortis vel, dapibus at, diam."
"Rolfson, Wintheiser and Auer",Aliquam quis turpis eget elit sodales scelerisque.
"Pollich, Waelchi and Bode","Aliquam augue quam, sollicitudin vitae, consectetuer eget, rutrum at, lorem."
Cronin-Waelchi,"Nam ultrices, libero non mattis pulvinar, nulla pede ullamcorper augue, a suscipit nulla elit ac nulla."
"Wisozk, Dare and Hansen",In hac habitasse platea dictumst.
Feil-Weissnat,"Lorem ipsum dolor sit amet, consectetuer adipiscing elit."
Dicki Inc,Morbi vel lectus in quam fringilla rhoncus.
Schultz Group,Curabitur convallis.
"Abernathy, Nolan and Kertzmann",Quisque porta volutpat erat.
"Boyle, Streich and Anderson",Vestibulum ante ipsum primis in faucibus orci luctus et ultrices posuere cubilia Curae; Mauris viverra diam vitae quam.
Schumm-Romaguera,"Fusce congue, diam id ornare imperdiet, sapien urna pretium nisl, ut volutpat sapien arcu sed augue."
Ondricka-Williamson,Proin eu mi.
Torphy and Sons,Phasellus sit amet erat.
Hegmann-Leffler,Integer a nibh.
Herman-Bashirian,Ut at dolor quis odio consequat varius.
Gerlach-Lindgren,Nam nulla.
Considine-Corkery,Nunc purus.
Grimes-Wiegand,Integer non velit.
"Bergnaum, Torphy and Hackett",Nunc rhoncus dui vel sem.
"Stehr, Feest and Bins",Suspendisse accumsan tortor quis turpis.
"Fay, Bradtke and Bernier",Nulla tellus.
Becker LLC,"Integer aliquet, massa id lobortis convallis, tortor risus dapibus augue, vel accumsan tellus nisi eu orci."
"Hayes, Cremin and Miller","Morbi vestibulum, velit id pretium iaculis, diam erat fermentum justo, nec condimentum neque sapien placerat ante."
Wolf-Beier,Praesent blandit.
"Nikolaus, Kuhlman and Jones","Vestibulum quam sapien, varius ut, blandit non, interdum in, ante."
Pagac-Lakin,In eleifend quam a odio.
"Heller, Wiegand and Feeney",Vestibulum ante ipsum primis in faucibus orci luctus et ultrices posuere cubilia Curae; Mauris viverra diam vitae quam.
O'Keefe Inc,Pellentesque at nulla.
"Gorczany, Orn and Torp",Duis ac nibh.
"Smith, Harvey and Bergstrom",Morbi quis tortor id nulla ultrices aliquet.
Wiegand Group,Quisque ut erat.
Schulist-Breitenberg,Nam dui.
Grady LLC,Phasellus id sapien in sapien iaculis congue.
Koss and Sons,"Vestibulum ante ipsum primis in faucibus orci luctus et ultrices posuere cubilia Curae; Donec pharetra, magna vestibulum aliquet ultrices, erat tortor sollicitudin mi, sit amet lobortis sapien sapien non mi."
Corwin and Sons,Proin eu mi.
Heathcote-Kshlerin,Aliquam erat volutpat.
Hackett LLC,Phasellus in felis.
Vandervort Group,Nunc purus.
Farrell-Bergnaum,Etiam justo.
"Towne, Koch and Toy",Donec semper sapien a libero.
McCullough Group,"Vestibulum ante ipsum primis in faucibus orci luctus et ultrices posuere cubilia Curae; Donec pharetra, magna vestibulum aliquet ultrices, erat tortor sollicitudin mi, sit amet lobortis sapien sapien non mi."
Glover-Kunde,Morbi porttitor lorem id ligula.
Schroeder-Runolfsson,Curabitur convallis.
"Predovic, Labadie and Greenholt",Fusce consequat.
Ledner Group,"Morbi vestibulum, velit id pretium iaculis, diam erat fermentum justo, nec condimentum neque sapien placerat ante."
O'Kon LLC,Curabitur at ipsum ac tellus semper interdum.
Pfeffer-Ryan,"Vestibulum quam sapien, varius ut, blandit non, interdum in, ante."
Smith-Nitzsche,Suspendisse potenti.
Gibson LLC,"Nullam orci pede, venenatis non, sodales sed, tincidunt eu, felis."
Herzog Inc,Fusce consequat.
Fritsch Inc,Donec ut dolor.
Murray and Sons,"In est risus, auctor sed, tristique in, tempus sit amet, sem."
Brekke and Sons,In blandit ultrices enim.
"Hilll, Jerde and Heidenreich",Aliquam quis turpis eget elit sodales scelerisque.
Pollich and Sons,Nulla tellus.
Breitenberg-Reichel,Nulla mollis molestie lorem.
Ritchie-Ernser,"Cum sociis natoque penatibus et magnis dis parturient montes, nascetur ridiculus mus."
"Windler, Watsica and Paucek",Cras in purus eu magna vulputate luctus.
Morar-McDermott,"Maecenas tristique, est et tempus semper, est quam pharetra magna, ac consequat metus sapien ut nunc."
Bashirian-Pouros,"Fusce lacus purus, aliquet at, feugiat non, pretium quis, lectus."
"Dietrich, Lang and O'Kon",Aenean fermentum.
"Pfeffer, Pouros and Durgan",Maecenas pulvinar lobortis est.
"Swaniawski, Ward and Rolfson",Morbi non lectus.
"Gottlieb, Kessler and Hessel",Praesent blandit.
Beahan-Moore,Integer non velit.
"White, Barton and Kuhn",Fusce posuere felis sed lacus.
Stiedemann-Casper,Vestibulum ac est lacinia nisi venenatis tristique.
Hirthe Group,Nulla tellus.
"Wiegand, Hane and Lemke",Nulla suscipit ligula in lacus.
Littel-Swift,"Quisque erat eros, viverra eget, congue eget, semper rutrum, nulla."
"Senger, Beier and Fadel",Nam nulla.
Lynch Inc,Suspendisse ornare consequat lectus.
Prohaska-Schroeder,Morbi non lectus.
Johnston Inc,Suspendisse potenti.
Kovacek-Ward,Duis consequat dui nec nisi volutpat eleifend.
"Mayert, Turcotte and Raynor","Maecenas tristique, est et tempus semper, est quam pharetra magna, ac consequat metus sapien ut nunc."
Kirlin Group,Maecenas ut massa quis augue luctus tincidunt.
Windler Inc,"Lorem ipsum dolor sit amet, consectetuer adipiscing elit."
Kuhlman-Flatley,Morbi porttitor lorem id ligula.
Reinger-Sporer,"Cras mi pede, malesuada in, imperdiet et, commodo vulputate, justo."
Spinka-McKenzie,In quis justo.
"Douglas, Crona and Dooley",Donec posuere metus vitae ipsum.
Gerlach-Mosciski,Nam dui.
"Haley, Nienow and Bruen",Pellentesque at nulla.
Cummerata-Ebert,In eleifend quam a odio.
Purdy Group,Suspendisse potenti.
Schumm LLC,"Morbi odio odio, elementum eu, interdum eu, tincidunt in, leo."
"Cole, McClure and Morissette",Proin at turpis a pede posuere nonummy.
Bayer-Gibson,Suspendisse ornare consequat lectus.
"Rath, Nikolaus and Bogan",Aenean sit amet justo.
Ziemann-Terry,Nulla tempus.
Schroeder and Sons,Morbi ut odio.
"Green, Bradtke and Mraz",Aliquam sit amet diam in magna bibendum imperdiet.
Walsh Inc,Curabitur convallis.
Shields-Ullrich,Vestibulum rutrum rutrum neque.
Langosh-Effertz,"Cras mi pede, malesuada in, imperdiet et, commodo vulputate, justo."
"Konopelski, Rutherford and Wilderman",Nulla tellus.
Zemlak-Walker,Aenean sit amet justo.
Zieme-Crona,Vestibulum ac est lacinia nisi venenatis tristique.
Watsica LLC,Praesent id massa id nisl venenatis lacinia.
Schmitt-Mante,"Donec odio justo, sollicitudin ut, suscipit a, feugiat et, eros."
"Mosciski, Kerluke and McClure",Fusce posuere felis sed lacus.
"Halvorson, Beier and Schulist",In sagittis dui vel nisl.
"Fritsch, Kilback and Greenfelder",Proin eu mi.
"Jenkins, Lesch and Jones","Aliquam augue quam, sollicitudin vitae, consectetuer eget, rutrum at, lorem."
Labadie-Jast,Phasellus id sapien in sapien iaculis congue.
Schmidt-Sauer,Etiam vel augue.
Grant-Heidenreich,Nulla facilisi.
"Lubowitz, Grant and Haag",Sed vel enim sit amet nunc viverra dapibus.
"Kozey, Denesik and Ondricka",Duis bibendum.
"Connelly, Hegmann and Kuhic","Aliquam augue quam, sollicitudin vitae, consectetuer eget, rutrum at, lorem."
"Watsica, Abbott and Weber",Nulla tempus.
Treutel and Sons,Vestibulum ante ipsum primis in faucibus orci luctus et ultrices posuere cubilia Curae; Nulla dapibus dolor vel est.
Lakin Inc,Vestibulum ac est lacinia nisi venenatis tristique.
"Ortiz, Hammes and Wisoky",In eleifend quam a odio.
Stanton Inc,Curabitur in libero ut massa volutpat convallis.
Rowe-Bartell,Praesent blandit lacinia erat.
Zemlak LLC,Pellentesque at nulla.
Weimann-Franecki,"Nullam orci pede, venenatis non, sodales sed, tincidunt eu, felis."
"Blick, Stark and Predovic",Sed vel enim sit amet nunc viverra dapibus.
Kreiger Inc,Suspendisse accumsan tortor quis turpis.
Lakin Inc,Etiam pretium iaculis justo.
Lubowitz LLC,"Morbi vestibulum, velit id pretium iaculis, diam erat fermentum justo, nec condimentum neque sapien placerat ante."
McDermott Inc,"Cras mi pede, malesuada in, imperdiet et, commodo vulputate, justo."
"Bruen, Christiansen and Veum",Mauris sit amet eros.
Schamberger-Langworth,Sed ante.
Schneider LLC,Donec vitae nisi.
"Boehm, Sporer and Baumbach",Suspendisse potenti.
"Bailey, Torp and Lind",Curabitur gravida nisi at nibh.
McDermott Inc,Duis at velit eu est congue elementum.
Schroeder and Sons,In hac habitasse platea dictumst.
Treutel Group,Nullam molestie nibh in lectus.
Greenholt Inc,Nulla justo.
"Schamberger, Connelly and Daniel",Etiam vel augue.
Lebsack Inc,Nulla nisl.
Mraz-Legros,Morbi a ipsum.
"Baumbach, Becker and Funk",Vestibulum sed magna at nunc commodo placerat.
Botsford LLC,Mauris lacinia sapien quis libero.
"Berge, Harris and Orn","Integer aliquet, massa id lobortis convallis, tortor risus dapibus augue, vel accumsan tellus nisi eu orci."
"Hauck, Wilderman and Schamberger","Nam ultrices, libero non mattis pulvinar, nulla pede ullamcorper augue, a suscipit nulla elit ac nulla."
Goldner-Braun,Etiam justo.
Nicolas LLC,"Integer aliquet, massa id lobortis convallis, tortor risus dapibus augue, vel accumsan tellus nisi eu orci."
Fritsch-Kris,Nunc purus.
Sipes-Heidenreich,Duis aliquam convallis nunc.
Leffler Group,Etiam justo.
Sanford-Cruickshank,Cras in purus eu magna vulputate luctus.
Flatley-Terry,"Nam ultrices, libero non mattis pulvinar, nulla pede ullamcorper augue, a suscipit nulla elit ac nulla."
"Collins, Cummerata and Kemmer",Etiam pretium iaculis justo.
"Harber, Wilkinson and Rice",Suspendisse potenti.
Leuschke LLC,Sed sagittis.
"Ondricka, Marks and Zulauf",Sed ante.
Stamm and Sons,Curabitur at ipsum ac tellus semper interdum.
"Cassin, Hartmann and McGlynn",Duis mattis egestas metus.
"Kerluke, Dickinson and Bradtke",Duis at velit eu est congue elementum.
Pacocha-Ledner,Fusce consequat.
Pollich-Moen,"Vestibulum ante ipsum primis in faucibus orci luctus et ultrices posuere cubilia Curae; Donec pharetra, magna vestibulum aliquet ultrices, erat tortor sollicitudin mi, sit amet lobortis sapien sapien non mi."
Bradtke-Feest,Cras in purus eu magna vulputate luctus.
Hoppe-Bartell,Duis bibendum.
McKenzie and Sons,Aliquam erat volutpat.
Cormier Group,"Lorem ipsum dolor sit amet, consectetuer adipiscing elit."
Kassulke Inc,Fusce posuere felis sed lacus.
"Kassulke, Ernser and Yundt",Nunc nisl.
Glover and Sons,Phasellus id sapien in sapien iaculis congue.
"Harris, Macejkovic and Boyer",In hac habitasse platea dictumst.
Dickinson LLC,Nam dui.
Schinner-Hudson,"Fusce congue, diam id ornare imperdiet, sapien urna pretium nisl, ut volutpat sapien arcu sed augue."
"Hilll, Runte and Wintheiser",Vestibulum ante ipsum primis in faucibus orci luctus et ultrices posuere cubilia Curae; Nulla dapibus dolor vel est.
White LLC,Praesent blandit lacinia erat.
Christiansen-Pollich,Nunc nisl.
Kessler-Luettgen,In blandit ultrices enim.
Lebsack-Lubowitz,Pellentesque at nulla.
Tremblay-Fahey,Donec ut mauris eget massa tempor convallis.
Homenick-Prosacco,Nulla tellus.
Gutkowski-Stark,Vestibulum sed magna at nunc commodo placerat.
"Wehner, Renner and Ratke",Ut at dolor quis odio consequat varius.
O'Hara Group,Nulla ac enim.
"Koepp, Cronin and Bayer",In hac habitasse platea dictumst.
Hudson LLC,Nulla ac enim.
"Mosciski, Abbott and Toy",Aliquam erat volutpat.
"Murray, Roberts and Yost",Integer ac neque.
Johns-Champlin,"Vestibulum quam sapien, varius ut, blandit non, interdum in, ante."
"Ratke, Haley and Herzog",Suspendisse ornare consequat lectus.
Gutmann LLC,Pellentesque at nulla.
Rolfson and Sons,In quis justo.
"Ankunding, Weber and Johnson",Maecenas rhoncus aliquam lacus.
Lesch-Romaguera,"Aliquam augue quam, sollicitudin vitae, consectetuer eget, rutrum at, lorem."
Schuppe Inc,Integer ac leo.
"Champlin, West and Douglas","Cum sociis natoque penatibus et magnis dis parturient montes, nascetur ridiculus mus."
"Goodwin, Yundt and Mills",Nullam molestie nibh in lectus.
Keeling LLC,Ut at dolor quis odio consequat varius.
"Gaylord, Cole and Kris",Aenean sit amet justo.
"Wintheiser, Cummings and Pfannerstill",Proin eu mi.
"Waelchi, Morissette and Walter",Vestibulum sed magna at nunc commodo placerat.
"Botsford, Blick and Wolff",Quisque ut erat.
"Walker, Hahn and Emard",Pellentesque at nulla.
"Graham, Howe and Bradtke",Morbi ut odio.
Rodriguez-Simonis,Donec posuere metus vitae ipsum.
Conroy Group,Vestibulum ante ipsum primis in faucibus orci luctus et ultrices posuere cubilia Curae; Duis faucibus accumsan odio.
"Jakubowski, Wunsch and Labadie",Phasellus sit amet erat.
Ratke and Sons,Sed ante.
Durgan Inc,Fusce posuere felis sed lacus.
Gislason-Pouros,Nam tristique tortor eu pede.
Reynolds Inc,"Vivamus metus arcu, adipiscing molestie, hendrerit at, vulputate vitae, nisl."
"Sawayn, Wyman and Windler","Cum sociis natoque penatibus et magnis dis parturient montes, nascetur ridiculus mus."
Gislason-Blick,In blandit ultrices enim.
Ebert LLC,Integer ac neque.
"O'Conner, Olson and Waelchi",Proin at turpis a pede posuere nonummy.
Nikolaus-Metz,Donec dapibus.
West-Wisoky,Nunc nisl.
Steuber-Vandervort,In sagittis dui vel nisl.
"Nitzsche, Beier and Moore","Mauris enim leo, rhoncus sed, vestibulum sit amet, cursus id, turpis."
Howe Group,Etiam vel augue.
"Oberbrunner, Jacobson and Klocko",Nullam varius.
"Simonis, Berge and Graham",Vestibulum ac est lacinia nisi venenatis tristique.
Schamberger LLC,Aliquam erat volutpat.
MacGyver LLC,Ut tellus.
Morissette-Schumm,Sed vel enim sit amet nunc viverra dapibus.
"Davis, Christiansen and Funk",Donec dapibus.
"Block, McClure and Schinner",Cras non velit nec nisi vulputate nonummy.
"Leuschke, King and Spencer","Maecenas leo odio, condimentum id, luctus nec, molestie sed, justo."
Schmidt Inc,"Morbi sem mauris, laoreet ut, rhoncus aliquet, pulvinar sed, nisl."
Hills-Hackett,Phasellus id sapien in sapien iaculis congue.
Ankunding Inc,Suspendisse potenti.
"Howe, Lebsack and Nolan",Donec vitae nisi.
Kerluke LLC,Proin at turpis a pede posuere nonummy.
Flatley and Sons,Sed sagittis.
"Conn, Bailey and Beahan",Sed vel enim sit amet nunc viverra dapibus.
Emard LLC,Quisque porta volutpat erat.
Hilll Inc,Mauris ullamcorper purus sit amet nulla.
Jacobson Inc,Pellentesque eget nunc.
Breitenberg LLC,Vestibulum rutrum rutrum neque.
Welch LLC,Nunc rhoncus dui vel sem.
"Jacobson, Barton and Lakin","Cum sociis natoque penatibus et magnis dis parturient montes, nascetur ridiculus mus."
"Kunze, Terry and Gerhold",Nulla facilisi.
Bashirian-Carroll,"Cum sociis natoque penatibus et magnis dis parturient montes, nascetur ridiculus mus."
Reichel-Schuster,"Proin leo odio, porttitor id, consequat in, consequat ut, nulla."
Hettinger Group,Morbi non lectus.
"Stehr, Gleason and Mertz",Donec posuere metus vitae ipsum.
Sporer Group,Praesent id massa id nisl venenatis lacinia.
Cassin-Mante,Integer a nibh.
Moen-Walsh,"In tempor, turpis nec euismod scelerisque, quam turpis adipiscing lorem, vitae mattis nibh ligula nec sem."
Yundt and Sons,Nulla justo.
"Cummerata, Heaney and King",Duis ac nibh.
Emard-Dare,Praesent blandit lacinia erat.
"Schimmel, Abbott and Cormier",Vestibulum rutrum rutrum neque.
Daugherty LLC,Maecenas tincidunt lacus at velit.
"Johns, Jakubowski and Emmerich","Mauris enim leo, rhoncus sed, vestibulum sit amet, cursus id, turpis."
Morissette LLC,Morbi quis tortor id nulla ultrices aliquet.
Kiehn-Runte,"Quisque erat eros, viverra eget, congue eget, semper rutrum, nulla."
"Dickinson, Lemke and Koepp",Praesent id massa id nisl venenatis lacinia.
O'Conner and Sons,Cras in purus eu magna vulputate luctus.
Howell-Bradtke,Donec vitae nisi.
Renner LLC,Sed accumsan felis.
"Marquardt, Harber and Wisoky",Quisque porta volutpat erat.
Boyer Group,Sed ante.
"Altenwerth, Tromp and Ortiz",Quisque ut erat.
"Corkery, Labadie and Heaney",Phasellus id sapien in sapien iaculis congue.
Ruecker-Medhurst,Mauris ullamcorper purus sit amet nulla.
Grimes-Ferry,Morbi porttitor lorem id ligula.
"Fay, Howell and Beer","Nam ultrices, libero non mattis pulvinar, nulla pede ullamcorper augue, a suscipit nulla elit ac nulla."
"Davis, Gutkowski and Hudson",Duis at velit eu est congue elementum.
Kiehn-Turcotte,"Maecenas leo odio, condimentum id, luctus nec, molestie sed, justo."
Konopelski-Jacobson,Nullam varius.
Kemmer and Sons,Etiam justo.
"Luettgen, Torp and Turcotte","Donec diam neque, vestibulum eget, vulputate ut, ultrices vel, augue."
Hirthe-Wisozk,"Cum sociis natoque penatibus et magnis dis parturient montes, nascetur ridiculus mus."
Heaney LLC,Integer tincidunt ante vel ipsum.
Brakus and Sons,Praesent id massa id nisl venenatis lacinia.
"Rice, Bins and Windler",Donec dapibus.
Tillman-Zulauf,Ut at dolor quis odio consequat varius.
Ryan-Wyman,"Aliquam augue quam, sollicitudin vitae, consectetuer eget, rutrum at, lorem."
Trantow-Dickinson,In sagittis dui vel nisl.
Quigley-Rowe,Donec ut mauris eget massa tempor convallis.
Wiza-Parker,"Vestibulum quam sapien, varius ut, blandit non, interdum in, ante."
"Yundt, West and Pollich","Lorem ipsum dolor sit amet, consectetuer adipiscing elit."
Schuppe LLC,Suspendisse potenti.
Runolfsdottir and Sons,"Integer aliquet, massa id lobortis convallis, tortor risus dapibus augue, vel accumsan tellus nisi eu orci."
Kessler LLC,Mauris ullamcorper purus sit amet nulla.
"Pfannerstill, Lemke and Gutkowski","In tempor, turpis nec euismod scelerisque, quam turpis adipiscing lorem, vitae mattis nibh ligula nec sem."
Feil-Glover,Praesent id massa id nisl venenatis lacinia.
Larkin LLC,Duis aliquam convallis nunc.
"Koch, Tromp and Stanton","Quisque arcu libero, rutrum ac, lobortis vel, dapibus at, diam."
Spencer-Weber,"Morbi odio odio, elementum eu, interdum eu, tincidunt in, leo."
"Thompson, Stanton and Ruecker",Vestibulum ante ipsum primis in faucibus orci luctus et ultrices posuere cubilia Curae; Duis faucibus accumsan odio.
"Heathcote, Wyman and McCullough","Quisque erat eros, viverra eget, congue eget, semper rutrum, nulla."
Sporer-Hudson,Nullam molestie nibh in lectus.
"Sanford, Erdman and Sanford","Mauris enim leo, rhoncus sed, vestibulum sit amet, cursus id, turpis."
"Nolan, Lynch and Morar",Nullam porttitor lacus at turpis.
Hackett and Sons,Curabitur in libero ut massa volutpat convallis.
"Monahan, Fadel and Sanford",Duis mattis egestas metus.
"Mayert, Kessler and Medhurst",Nam dui.
Johnson-Schumm,Sed vel enim sit amet nunc viverra dapibus.
Bahringer-Roberts,Cras non velit nec nisi vulputate nonummy.
Bogan-Hagenes,Mauris lacinia sapien quis libero.
Torp LLC,"Aliquam augue quam, sollicitudin vitae, consectetuer eget, rutrum at, lorem."
Adams LLC,In hac habitasse platea dictumst.
Braun-Stark,"Donec diam neque, vestibulum eget, vulputate ut, ultrices vel, augue."
Frami and Sons,Praesent blandit lacinia erat.
Johnson LLC,Phasellus in felis.
"Schaden, Becker and Yundt","Donec diam neque, vestibulum eget, vulputate ut, ultrices vel, augue."
Hahn-Franecki,Duis aliquam convallis nunc.
"Dare, Braun and Koss",Morbi non lectus.
Donnelly-Rohan,Aenean sit amet justo.
Hane-Morar,"Donec odio justo, sollicitudin ut, suscipit a, feugiat et, eros."
Mante LLC,Morbi non lectus.
Crist and Sons,In eleifend quam a odio.
Thompson-Treutel,Vivamus vel nulla eget eros elementum pellentesque.
Weber and Sons,Morbi non quam nec dui luctus rutrum.
Wolff LLC,Nam tristique tortor eu pede.
Hilll-Weimann,Praesent lectus.
Schmitt and Sons,In hac habitasse platea dictumst.
"Labadie, Rutherford and Buckridge",Nam dui.
"Macejkovic, Reichert and Leannon",Suspendisse potenti.
Schaden-Schultz,In sagittis dui vel nisl.
Klein-Hills,Nullam porttitor lacus at turpis.
"Weber, Ondricka and Cartwright",Curabitur in libero ut massa volutpat convallis.
"Kshlerin, Hahn and Pagac",Integer a nibh.
Toy-D'Amore,Nulla tempus.
"Kunze, Gutkowski and Marquardt",Maecenas tincidunt lacus at velit.
Hilpert Inc,"Nulla neque libero, convallis eget, eleifend luctus, ultricies eu, nibh."
"Fahey, Abernathy and Mante",Donec quis orci eget orci vehicula condimentum.
Rice Group,In hac habitasse platea dictumst.
Jacobson LLC,"Quisque erat eros, viverra eget, congue eget, semper rutrum, nulla."
Conroy-Mertz,Suspendisse ornare consequat lectus.
Howe LLC,Mauris lacinia sapien quis libero.
Lebsack-Hickle,"In tempor, turpis nec euismod scelerisque, quam turpis adipiscing lorem, vitae mattis nibh ligula nec sem."
Goyette Group,Mauris lacinia sapien quis libero.
Braun-Hackett,Cras non velit nec nisi vulputate nonummy.
Moore and Sons,Duis consequat dui nec nisi volutpat eleifend.
Pacocha-Haag,"Fusce congue, diam id ornare imperdiet, sapien urna pretium nisl, ut volutpat sapien arcu sed augue."
Skiles-Little,Vivamus vel nulla eget eros elementum pellentesque.
Ferry-Murphy,"Nam congue, risus semper porta volutpat, quam pede lobortis ligula, sit amet eleifend pede libero quis orci."
Walter Inc,Ut tellus.
"Aufderhar, Glover and Tillman",Donec vitae nisi.
Windler Group,Duis mattis egestas metus.
Weissnat-Bradtke,Nulla facilisi.
Marquardt Group,Aliquam erat volutpat.
Christiansen Group,Nulla ac enim.
Romaguera and Sons,Pellentesque eget nunc.
"Bogisich, Rowe and McDermott",Integer ac leo.
Kerluke Inc,"Cras mi pede, malesuada in, imperdiet et, commodo vulputate, justo."
Witting Inc,Suspendisse ornare consequat lectus.
Nader-Fisher,Nulla suscipit ligula in lacus.
Ledner-Bergstrom,In hac habitasse platea dictumst.
"Gaylord, Russel and Grimes","Nam ultrices, libero non mattis pulvinar, nulla pede ullamcorper augue, a suscipit nulla elit ac nulla."
Gulgowski and Sons,Suspendisse potenti.
Bradtke LLC,"Vestibulum ante ipsum primis in faucibus orci luctus et ultrices posuere cubilia Curae; Donec pharetra, magna vestibulum aliquet ultrices, erat tortor sollicitudin mi, sit amet lobortis sapien sapien non mi."
Heidenreich Inc,Nam nulla.
"Stark, West and Gorczany",Nullam porttitor lacus at turpis.
"Rippin, Bauch and Huel","In tempor, turpis nec euismod scelerisque, quam turpis adipiscing lorem, vitae mattis nibh ligula nec sem."
Runolfsson-Osinski,Maecenas rhoncus aliquam lacus.
Grady-Ondricka,Nulla tempus.
Lang-Powlowski,Suspendisse potenti.
Jakubowski Inc,Phasellus id sapien in sapien iaculis congue.
Jenkins Group,Sed ante.
Breitenberg Group,"Nam ultrices, libero non mattis pulvinar, nulla pede ullamcorper augue, a suscipit nulla elit ac nulla."
Harber Group,Cras in purus eu magna vulputate luctus.
Baumbach and Sons,Donec ut mauris eget massa tempor convallis.
Reichel-Bahringer,Integer ac leo.
Schulist Inc,Nulla tellus.
"Reichert, Gleichner and Daniel",Quisque id justo sit amet sapien dignissim vestibulum.
Conn-Schinner,Sed vel enim sit amet nunc viverra dapibus.
"Stiedemann, Brakus and Auer",Integer ac neque.
Pfeffer-Deckow,"Duis bibendum, felis sed interdum venenatis, turpis enim blandit mi, in porttitor pede justo eu massa."
VonRueden LLC,Cras non velit nec nisi vulputate nonummy.
Sauer LLC,Pellentesque viverra pede ac diam.
"Predovic, Leannon and Ledner",Nullam molestie nibh in lectus.
Hegmann LLC,Integer ac leo.
Beahan-Barton,Proin eu mi.
Collier-Wisoky,Praesent lectus.
Feeney-Balistreri,Curabitur convallis.
Mosciski-Cormier,Curabitur convallis.
Willms Group,In quis justo.
"Kautzer, Turner and Schiller",Curabitur convallis.
"Deckow, Waters and Johnston",Vestibulum sed magna at nunc commodo placerat.
Murray-Reichel,Nunc purus.
Heathcote-Wisoky,Aenean sit amet justo.
"Kris, Hessel and Wolff",Sed vel enim sit amet nunc viverra dapibus.
Kautzer Group,Morbi non lectus.
"Keeling, Rippin and Stark","Proin leo odio, porttitor id, consequat in, consequat ut, nulla."
"MacGyver, Brekke and Jast",Aliquam non mauris.
Wilderman Group,Quisque id justo sit amet sapien dignissim vestibulum.
Reichel-Dooley,Morbi ut odio.
Schaden and Sons,Duis mattis egestas metus.
Robel-Schinner,Etiam justo.
"Dare, Stoltenberg and Kessler","Maecenas tristique, est et tempus semper, est quam pharetra magna, ac consequat metus sapien ut nunc."
D'Amore and Sons,Vestibulum ante ipsum primis in faucibus orci luctus et ultrices posuere cubilia Curae; Nulla dapibus dolor vel est.
Gibson-D'Amore,"Donec odio justo, sollicitudin ut, suscipit a, feugiat et, eros."
Collier-Prosacco,"Maecenas tristique, est et tempus semper, est quam pharetra magna, ac consequat metus sapien ut nunc."
Barrows-Leannon,Maecenas rhoncus aliquam lacus.
Kunde-Medhurst,Vivamus vestibulum sagittis sapien.
White-Lesch,In quis justo.
Paucek-Lueilwitz,Curabitur in libero ut massa volutpat convallis.
"Will, Hickle and Pacocha",Duis bibendum.
"Schiller, Haley and Feest","In est risus, auctor sed, tristique in, tempus sit amet, sem."
Doyle-Ziemann,Etiam faucibus cursus urna.
Wisozk and Sons,In hac habitasse platea dictumst.
Leannon-Kiehn,Ut tellus.
Cummerata and Sons,Nulla justo.
Hessel LLC,Pellentesque eget nunc.
Runolfsdottir-Nader,Curabitur in libero ut massa volutpat convallis.
Bashirian-Schamberger,Etiam pretium iaculis justo.
Dickinson Inc,Pellentesque eget nunc.
Wilkinson-Kreiger,"Nam congue, risus semper porta volutpat, quam pede lobortis ligula, sit amet eleifend pede libero quis orci."
"Cormier, Bogan and Zieme",Nunc nisl.
"Graham, Stoltenberg and Considine",Pellentesque at nulla.
"Moore, Cummerata and Klein","Nam congue, risus semper porta volutpat, quam pede lobortis ligula, sit amet eleifend pede libero quis orci."
"Lebsack, Renner and Botsford",In hac habitasse platea dictumst.
Bosco-Littel,Suspendisse potenti.
Kunde-Donnelly,Maecenas ut massa quis augue luctus tincidunt.
Kilback-Gusikowski,In hac habitasse platea dictumst.
"Daugherty, Kozey and Dicki",Integer ac leo.
Reynolds-Bayer,"Maecenas leo odio, condimentum id, luctus nec, molestie sed, justo."
Walsh Group,Nulla facilisi.
Hessel-Bogan,"Nam ultrices, libero non mattis pulvinar, nulla pede ullamcorper augue, a suscipit nulla elit ac nulla."
Kilback-Lesch,Suspendisse ornare consequat lectus.
Veum-Mayer,"Morbi odio odio, elementum eu, interdum eu, tincidunt in, leo."
Purdy LLC,Morbi vel lectus in quam fringilla rhoncus.
Wiza LLC,Vivamus vestibulum sagittis sapien.
Harvey-Zboncak,"Quisque erat eros, viverra eget, congue eget, semper rutrum, nulla."
Halvorson-Leuschke,Duis at velit eu est congue elementum.
"Brown, Koch and Mertz",Morbi porttitor lorem id ligula.
"Jones, Upton and Metz","Quisque arcu libero, rutrum ac, lobortis vel, dapibus at, diam."
Boyer Group,Nulla suscipit ligula in lacus.
Lakin Inc,Pellentesque ultrices mattis odio.
Wiza and Sons,Vestibulum ac est lacinia nisi venenatis tristique.
Spencer-MacGyver,Nulla ac enim.
"Hessel, Becker and Hartmann",Mauris ullamcorper purus sit amet nulla.
Paucek-Leuschke,"Lorem ipsum dolor sit amet, consectetuer adipiscing elit."
"Streich, Cole and Schuster",Donec quis orci eget orci vehicula condimentum.
Kuhic-Bednar,Sed vel enim sit amet nunc viverra dapibus.
"Little, Volkman and Howe",Cras non velit nec nisi vulputate nonummy.
Windler Inc,Ut at dolor quis odio consequat varius.
Streich Inc,Nulla ac enim.
Huel-Gleason,"Nam ultrices, libero non mattis pulvinar, nulla pede ullamcorper augue, a suscipit nulla elit ac nulla."
Block and Sons,Cras non velit nec nisi vulputate nonummy.
"Jast, Ryan and Shanahan",Vestibulum ac est lacinia nisi venenatis tristique.
"Murazik, Bahringer and Kiehn",Aenean sit amet justo.
Mertz-Schmidt,Praesent blandit lacinia erat.
Pacocha LLC,Etiam faucibus cursus urna.
"Rodriguez, Dibbert and Luettgen","Quisque arcu libero, rutrum ac, lobortis vel, dapibus at, diam."
Larson-Beahan,Suspendisse accumsan tortor quis turpis.
Johnston-Kunde,"Nulla neque libero, convallis eget, eleifend luctus, ultricies eu, nibh."
Kuvalis-Smitham,Proin at turpis a pede posuere nonummy.
"Lueilwitz, Stroman and Wolff",Nam dui.
Hudson-Leannon,"Maecenas tristique, est et tempus semper, est quam pharetra magna, ac consequat metus sapien ut nunc."
"Wintheiser, Auer and Barton",Duis consequat dui nec nisi volutpat eleifend.
"Schmidt, Quitzon and Ledner",Etiam pretium iaculis justo.
Bergstrom-Smitham,Sed sagittis.
"O'Connell, Botsford and Zulauf",Nulla justo.
Ullrich Inc,Quisque ut erat.
Christiansen-Braun,Morbi quis tortor id nulla ultrices aliquet.
Konopelski Inc,Morbi quis tortor id nulla ultrices aliquet.
Weber Group,Sed accumsan felis.
"Koch, Mills and Streich","Cras mi pede, malesuada in, imperdiet et, commodo vulputate, justo."
"Schuppe, Weimann and Lynch",Donec ut dolor.
"Veum, Gerhold and Huels",Maecenas ut massa quis augue luctus tincidunt.
DuBuque-McCullough,Duis aliquam convallis nunc.
"Cruickshank, Stokes and Schmitt",In hac habitasse platea dictumst.
Purdy-Price,Etiam pretium iaculis justo.
Watsica LLC,Nulla ut erat id mauris vulputate elementum.
"Mraz, Feeney and Hyatt",In congue.
"Sipes, O'Reilly and Wilkinson","Vestibulum quam sapien, varius ut, blandit non, interdum in, ante."
McKenzie and Sons,Morbi non lectus.
Ondricka Group,"Vivamus metus arcu, adipiscing molestie, hendrerit at, vulputate vitae, nisl."
"Barton, Schulist and Shields",Proin interdum mauris non ligula pellentesque ultrices.
Olson-Gusikowski,Suspendisse potenti.
"Metz, Adams and Wisozk",Maecenas ut massa quis augue luctus tincidunt.
Schmitt-Weber,Aliquam non mauris.
Paucek LLC,Morbi ut odio.
Kuhlman and Sons,"Proin leo odio, porttitor id, consequat in, consequat ut, nulla."
Rowe-Bayer,Sed accumsan felis.
Collins-Marvin,Aenean fermentum.
Ratke Inc,Nullam molestie nibh in lectus.
"Medhurst, Hodkiewicz and Altenwerth",Quisque ut erat.
Schmitt-Cole,"In est risus, auctor sed, tristique in, tempus sit amet, sem."
"Jakubowski, Reinger and Greenfelder",Nunc nisl.
"Reichert, Kuhic and Altenwerth",Morbi vel lectus in quam fringilla rhoncus.
Dibbert Group,Quisque ut erat.
"Huel, Ratke and Botsford",Nulla ut erat id mauris vulputate elementum.
Hermiston-Bednar,Etiam vel augue.
Moore-Raynor,Nulla nisl.
McCullough-Pacocha,Sed accumsan felis.
"Davis, Huels and McClure",Maecenas ut massa quis augue luctus tincidunt.
Boyer-Altenwerth,Integer ac neque.
"Stiedemann, Quigley and Terry",Quisque id justo sit amet sapien dignissim vestibulum.
Stark LLC,Cras non velit nec nisi vulputate nonummy.
Breitenberg-Schamberger,Phasellus in felis.
Satterfield Group,Vestibulum ante ipsum primis in faucibus orci luctus et ultrices posuere cubilia Curae; Nulla dapibus dolor vel est.
Luettgen-Stokes,Phasellus id sapien in sapien iaculis congue.
Cummerata Group,Morbi quis tortor id nulla ultrices aliquet.
Hegmann-Kozey,"Vestibulum ante ipsum primis in faucibus orci luctus et ultrices posuere cubilia Curae; Donec pharetra, magna vestibulum aliquet ultrices, erat tortor sollicitudin mi, sit amet lobortis sapien sapien non mi."
Pfeffer-Strosin,Mauris lacinia sapien quis libero.
Kling-Jones,Etiam faucibus cursus urna.
"Keebler, Schuppe and Bernhard",Pellentesque at nulla.
"Abbott, Schinner and Cartwright",In sagittis dui vel nisl.
"Mayert, King and Kling",Morbi porttitor lorem id ligula.
Connelly LLC,Duis consequat dui nec nisi volutpat eleifend.
Torphy LLC,Nulla ut erat id mauris vulputate elementum.
Ryan and Sons,Duis aliquam convallis nunc.
Yost Inc,Maecenas tincidunt lacus at velit.
Altenwerth Inc,Vestibulum rutrum rutrum neque.
Collins-Christiansen,Mauris sit amet eros.
Conroy-Schoen,Duis ac nibh.
"Herzog, Tromp and Gerlach","In tempor, turpis nec euismod scelerisque, quam turpis adipiscing lorem, vitae mattis nibh ligula nec sem."
"Strosin, Feil and Lockman",Vivamus vel nulla eget eros elementum pellentesque.
"Roob, Thiel and Bashirian",Etiam justo.
"Christiansen, Smith and Schmidt","Cum sociis natoque penatibus et magnis dis parturient montes, nascetur ridiculus mus."
"Shanahan, Herzog and Pacocha",Vivamus vel nulla eget eros elementum pellentesque.
Stoltenberg Inc,Etiam vel augue.
Kunde LLC,"Maecenas leo odio, condimentum id, luctus nec, molestie sed, justo."
"Marvin, Heathcote and Moen","Nam ultrices, libero non mattis pulvinar, nulla pede ullamcorper augue, a suscipit nulla elit ac nulla."
Murazik-Klein,Curabitur in libero ut massa volutpat convallis.
Muller-Wuckert,Etiam pretium iaculis justo.
Bogisich and Sons,Aliquam sit amet diam in magna bibendum imperdiet.
Ritchie and Sons,Morbi porttitor lorem id ligula.
Rolfson LLC,"Duis bibendum, felis sed interdum venenatis, turpis enim blandit mi, in porttitor pede justo eu massa."
Howe-Barrows,Vestibulum ante ipsum primis in faucibus orci luctus et ultrices posuere cubilia Curae; Mauris viverra diam vitae quam.
"Blanda, Hane and Kovacek","Cras mi pede, malesuada in, imperdiet et, commodo vulputate, justo."
Goodwin-Feil,Maecenas rhoncus aliquam lacus.
"Schneider, Jast and Quigley",Etiam justo.
"Koch, Wisoky and Steuber",Integer tincidunt ante vel ipsum.
Becker-Olson,"Lorem ipsum dolor sit amet, consectetuer adipiscing elit."
"Murazik, Morissette and McKenzie","Lorem ipsum dolor sit amet, consectetuer adipiscing elit."
Kuhlman-Buckridge,Proin risus.
"Zulauf, Howe and Welch",Vivamus tortor.
Gutmann-Mann,Vivamus tortor.
"Hagenes, Metz and Borer",Quisque ut erat.
Harvey Group,Integer non velit.
Howe-Spinka,Morbi vel lectus in quam fringilla rhoncus.
"Blick, Haag and Medhurst",Vestibulum rutrum rutrum neque.
Hagenes-Macejkovic,Phasellus in felis.
Turner Inc,Vivamus vel nulla eget eros elementum pellentesque.
Lesch-Hirthe,Proin at turpis a pede posuere nonummy.
Paucek Inc,Praesent lectus.
"Schoen, Sanford and Conroy",In congue.
Purdy-Mante,Suspendisse potenti.
Jenkins-Jast,Nunc purus.
Pagac-Vandervort,In blandit ultrices enim.
Barton LLC,Duis bibendum.
Bogan-Hodkiewicz,Nunc purus.
Barton Inc,Nunc purus.
Price Group,Donec posuere metus vitae ipsum.
Jones-Baumbach,Praesent lectus.
Price Inc,Phasellus sit amet erat.
Ratke-Kiehn,Morbi vel lectus in quam fringilla rhoncus.
"Feil, Waters and Feeney",Vivamus vestibulum sagittis sapien.
"Kuphal, Hartmann and Boehm",In hac habitasse platea dictumst.
Brown LLC,Sed accumsan felis.
Wisoky LLC,Phasellus in felis.
Dickens-Gerlach,Phasellus sit amet erat.
Streich Group,Pellentesque viverra pede ac diam.
"Ortiz, McDermott and Wolff",Cras pellentesque volutpat dui.
Lehner LLC,Cras non velit nec nisi vulputate nonummy.
Aufderhar-Reynolds,Mauris ullamcorper purus sit amet nulla.
Willms-Blick,Etiam vel augue.
"Ward, Deckow and Goyette",Nam dui.
"Marvin, Bechtelar and Marks","Morbi sem mauris, laoreet ut, rhoncus aliquet, pulvinar sed, nisl."
"Nader, Murphy and Gerhold",Nulla facilisi.
"Konopelski, Stehr and Kessler",Nunc nisl.
Kessler LLC,Donec vitae nisi.
Metz-Walsh,Etiam vel augue.
"Torp, Grant and Weimann",Suspendisse potenti.
Bahringer Inc,Aliquam non mauris.
Volkman Group,Quisque ut erat.
Halvorson-Mills,Etiam justo.
Raynor and Sons,Mauris sit amet eros.
"Davis, Emmerich and Kuvalis",Cras pellentesque volutpat dui.
Fahey and Sons,Curabitur convallis.
Walter-Mohr,"Morbi vestibulum, velit id pretium iaculis, diam erat fermentum justo, nec condimentum neque sapien placerat ante."
"Legros, Gutkowski and Pfannerstill",Quisque porta volutpat erat.
"Schaden, Bartell and Botsford",Nulla ut erat id mauris vulputate elementum.
Tromp and Sons,Duis aliquam convallis nunc.
"Prohaska, Sipes and Altenwerth","Integer pede justo, lacinia eget, tincidunt eget, tempus vel, pede."
Schmeler-Botsford,"Mauris enim leo, rhoncus sed, vestibulum sit amet, cursus id, turpis."
