user_name,user_type,user_password
jmart0,customer,WrFMKkR2Uh
dgavan1,customer,h4RWbvrBRi7q
hlackney2,seller,7FKIl2LLN
scorse3,customer,jM0sCSUa
afloyde4,customer,ApJoeqIIScvv
rboulter5,customer,X2HfHQIFoH3
nbedlington6,customer,SOFevKb0WXgY
mriddeough7,seller,EMOnaLSG
vtargetter8,seller,n2sCOi5
tkirsz9,customer,G0eYOoGmZJy
mokroya,customer,8Mt2cvBsyLzG
bzanazzib,seller,NvMKuCoe4fT
rsheatherc,customer,mdTwuwrGv6X
egirardyd,customer,E4WrGbDT
svandevliese,customer,TrdpTcPZK
hhampf,customer,AMWHsQTKWahX
ynazerg,customer,Q0d74He
ktenaunth,customer,CVOIdPmvT0R
epriditti,customer,ElcxSUGf1
uescalaj,customer,P5HJ2BNC61K3
efountaink,customer,tGopGrFO8gQ
hkornyshevl,customer,N0Xp6x3OR2Js
aryriem,seller,kD3ZGnq6
sjakolevitchn,customer,UxpuCzUouONT
pwinckleso,customer,9LaaJKRKJXVH
ctetleyp,customer,5sITzFJAH
eyewdallq,seller,15FN7oXW71Z
hgillattr,seller,3r780hEn
btracys,customer,zVGVUqZH7e
hklimptt,customer,MxeRL9
ltomalinu,admin,rWBjbv01Ms
mmathanv,customer,lPD2Ip6IVmI
chiomw,customer,LDHFIlTx
kmeriothx,customer,LpAbTxEiC2Z
ykertony,customer,9Vyn43HCuR9
abutsonz,seller,tahJFG
ngelland10,customer,qXba9mLM5W
jpurdon11,seller,pEUN3z
irengger12,seller,nFuBswebNygW
jmccoveney13,customer,KxcTGb3vp
abernaert14,customer,j8qfts
nmarmion15,customer,TeXUAyG
nbrashaw16,customer,KqGhNc0lr
islaght17,customer,oaXvXJY3eNVg
mtoppas18,seller,6Znnlvl35Y
mhassey19,seller,Za8zcDCie1w4
gcumberlidge1a,customer,qllR0lRX
kbrunsden1b,customer,goRV6K6iw
apetyakov1c,customer,To875S9vpRV
bemberton1d,customer,TD5VNFJk1R
tcaslett1e,customer,cai6DJNZI
pmccoll1f,seller,lSrPkHD
tdoull1g,customer,MDESHqjxxV
rhugett1h,customer,SjCXVI
cnewlyn1i,customer,z48sESKcAGN
gkeeney1j,customer,EtvTZEft
rrennard1k,seller,1pNyRaF20
dgoodlake1l,customer,HxJLKnN5oQ
wyellowlees1m,customer,J7mExG0WLeR
cocarroll1n,customer,X627mlElbTT
lskoof1o,admin,8zuYrsj9U
amoat1p,customer,UXb2mG9XRq6h
kkernar1q,customer,2IwVRKEp6
svaughton1r,admin,w38HoPRmXr
gdufaire1s,admin,Mn9CRH
szohrer1t,customer,RPRWLz
cattwoul1u,seller,giHA5g4t
lbeaves1v,customer,9nIGkb
dgoodfellow1w,seller,lqtg3Kb
jfairall1x,customer,ybPRRhQ
gvarnham1y,seller,4lv0WCs
tstoner1z,customer,XqLPGtS
vcardus20,customer,QOAvABDauO
hmacfarlan21,customer,kZeJi4e
tshirlaw22,seller,6E6JSu
hlawlie23,customer,oPmczDTytbN
apark24,customer,zm8gMz
gfacher25,customer,EimwbuE9
lloveday26,customer,KiZ3VW
bowthwaite27,seller,AxfJgUBQVlG
anorwich28,customer,yG23SFFb0A
ascourfield29,customer,tUyz217lXk8j
pspreckley2a,customer,g6EdeQ
galtimas2b,seller,Lo2V9YY4flk
dcramphorn2c,customer,1A4uXSP
scathel2d,customer,FLwlJ8w92F
irheam2e,customer,diUXVPR
giddens2f,customer,562wlcR69
fruseworth2g,customer,B3Mu0fzA8MO
joslar2h,customer,egflt5LCu
cidel2i,customer,DchUKq8Pv
dgreatbank2j,customer,ZlITN5QXVCcm
rbellefant2k,admin,tScXAwfCtaMa
bhaglinton2l,customer,4gqdZMB4G63
ggreggersen2m,customer,HhPtOp3qw
tsibly2n,customer,VHrOlDff
aburkitt2o,customer,FcHN7WZ
mbesse2p,customer,YyqOKv98ZQO
steresi2q,customer,jJTbjc
jnecrews2r,customer,IJlqzLPCiX
